id_transaction,age,quantity,price,discount_percent,rating,total_price,id_date,id_cust,id_branch,id_city,id_menu,id_category,id_method
TRX0395,27,5,25000,15,3.1,106250,TGL0501,CNA0101,BRCH001,KOA0102,MENU001,KTG0205,PAY0709
TRX0502,36,1,30000,15,1.9,25500,TGL0501,CNA0102,BRCH002,KOA0103,MENU002,KTG0206,PAY0710
TRX0726,44,3,22000,0,4.6,66000,TGL0501,CNA0103,BRCH003,KOA0104,MENU003,KTG0205,PAY0711
TRX0884,41,3,28000,0,3.7,84000,TGL0501,CNA0104,BRCH001,KOA0102,MENU004,KTG0207,PAY0709
TRX0015,53,4,23000,0,2.1,92000,TGL0502,CNA0105,BRCH004,KOA0105,MENU005,KTG0206,PAY0712
TRX0630,30,1,32000,0,2.2,32000,TGL0503,CNA0106,BRCH005,KOA0106,MENU006,KTG0206,PAY0712
TRX0702,19,4,27000,0,2.2,108000,TGL0504,CNA0107,BRCH002,KOA0103,MENU007,KTG0207,PAY0709
TRX0468,21,4,20000,15,3.7,68000,TGL0505,CNA0108,BRCH005,KOA0106,MENU008,KTG0205,PAY0711
TRX0771,45,2,28000,20,3,44800,TGL0505,CNA0109,BRCH005,KOA0106,MENU004,KTG0207,PAY0712
TRX0580,39,2,23000,15,4.6,39100,TGL0505,CNA0110,BRCH002,KOA0103,MENU005,KTG0206,PAY0709
TRX0167,40,2,20000,20,3.8,32000,TGL0505,CNA0111,BRCH004,KOA0105,MENU008,KTG0205,PAY0710
TRX0698,22,1,27000,15,4.2,22950,TGL0506,CNA0112,BRCH005,KOA0106,MENU007,KTG0207,PAY0709
TRX0998,33,1,22000,15,2.4,18700,TGL0507,CNA0113,BRCH003,KOA0104,MENU003,KTG0205,PAY0709
TRX0629,51,2,30000,5,3.8,57000,TGL0507,CNA0114,BRCH003,KOA0104,MENU002,KTG0206,PAY0710
TRX0609,46,1,18000,10,4,16200,TGL0508,CNA0115,BRCH003,KOA0104,MENU009,KTG0206,PAY0712
TRX0974,45,3,32000,5,1.4,91200,TGL0508,CNA0116,BRCH005,KOA0106,MENU006,KTG0206,PAY0709
TRX0440,53,2,22000,10,1.7,39600,TGL0508,CNA0117,BRCH004,KOA0105,MENU003,KTG0205,PAY0709
TRX0345,22,5,32000,0,1.2,160000,TGL0509,CNA0118,BRCH002,KOA0103,MENU006,KTG0206,PAY0710
TRX0022,35,4,18000,5,2.2,68400,TGL0509,CNA0119,BRCH005,KOA0106,MENU009,KTG0206,PAY0711
TRX0736,44,1,23000,10,4.5,20700,TGL0510,CNA0120,BRCH005,KOA0106,MENU005,KTG0206,PAY0709
TRX0465,25,3,18000,0,4.9,54000,TGL0510,CNA0121,BRCH004,KOA0105,MENU009,KTG0206,PAY0710
TRX0846,20,1,25000,15,3.6,21250,TGL0511,CNA0122,BRCH002,KOA0103,MENU001,KTG0205,PAY0711
TRX0434,31,3,23000,15,3.1,58650,TGL0512,CNA0123,BRCH002,KOA0103,MENU005,KTG0206,PAY0711
TRX0259,33,4,23000,20,1.1,73600,TGL0512,CNA0124,BRCH005,KOA0106,MENU005,KTG0206,PAY0711
TRX0740,25,3,30000,0,3.5,90000,TGL0513,CNA0121,BRCH004,KOA0105,MENU002,KTG0206,PAY0709
TRX0830,30,4,22000,5,3.9,83600,TGL0514,CNA0126,BRCH003,KOA0104,MENU003,KTG0205,PAY0710
TRX0806,48,1,22000,0,2.2,22000,TGL0514,CNA0127,BRCH001,KOA0102,MENU003,KTG0205,PAY0712
TRX0636,36,1,28000,15,1.6,23800,TGL0514,CNA0128,BRCH003,KOA0104,MENU004,KTG0207,PAY0711
TRX0237,49,4,32000,0,3.5,128000,TGL0515,CNA0129,BRCH003,KOA0104,MENU006,KTG0206,PAY0710
TRX0087,33,2,20000,0,4,40000,TGL0516,CNA0130,BRCH002,KOA0103,MENU008,KTG0205,PAY0712
TRX0951,45,1,23000,0,2.7,23000,TGL0517,CNA0131,BRCH004,KOA0105,MENU005,KTG0206,PAY0709
TRX0112,40,3,25000,20,4,60000,TGL0517,CNA0132,BRCH004,KOA0105,MENU001,KTG0205,PAY0712
TRX0950,42,1,25000,0,3.9,25000,TGL0518,CNA0133,BRCH002,KOA0103,MENU001,KTG0205,PAY0709
TRX0306,54,2,20000,0,1,40000,TGL0518,CNA0134,BRCH002,KOA0103,MENU008,KTG0205,PAY0711
TRX0137,21,3,28000,20,1.9,67200,TGL0519,CNA0108,BRCH003,KOA0104,MENU004,KTG0207,PAY0712
TRX0066,31,5,23000,0,3.8,115000,TGL0520,CNA0136,BRCH001,KOA0102,MENU005,KTG0206,PAY0709
TRX0492,32,4,27000,5,2.2,102600,TGL0521,CNA0137,BRCH005,KOA0106,MENU007,KTG0207,PAY0711
TRX0851,53,4,25000,20,2.9,80000,TGL0521,CNA0138,BRCH002,KOA0103,MENU001,KTG0205,PAY0712
TRX0788,51,4,18000,0,1.9,72000,TGL0521,CNA0139,BRCH003,KOA0104,MENU009,KTG0206,PAY0711
TRX0227,43,4,23000,0,2.2,92000,TGL0521,CNA0140,BRCH003,KOA0104,MENU005,KTG0206,PAY0710
TRX0652,30,5,20000,5,3.5,95000,TGL0522,CNA0126,BRCH005,KOA0106,MENU008,KTG0205,PAY0710
TRX0324,41,3,28000,20,1.2,67200,TGL0522,CNA0104,BRCH004,KOA0105,MENU004,KTG0207,PAY0712
TRX0911,49,5,28000,5,1.2,133000,TGL0522,CNA0143,BRCH002,KOA0103,MENU004,KTG0207,PAY0711
TRX0712,42,3,22000,15,1.2,56100,TGL0523,CNA0144,BRCH003,KOA0104,MENU003,KTG0205,PAY0709
TRX0607,19,5,18000,0,2,90000,TGL0523,CNA0145,BRCH005,KOA0106,MENU009,KTG0206,PAY0711
TRX0074,37,5,18000,15,2.9,76500,TGL0524,CNA0146,BRCH001,KOA0102,MENU010,KTG0205,PAY0711
TRX0640,23,5,28000,15,3,119000,TGL0525,CNA0147,BRCH005,KOA0106,MENU004,KTG0207,PAY0709
TRX0620,53,1,23000,20,2.1,18400,TGL0525,CNA0148,BRCH003,KOA0104,MENU005,KTG0206,PAY0710
TRX0359,33,1,22000,0,2.4,22000,TGL0526,CNA0149,BRCH005,KOA0106,MENU003,KTG0205,PAY0712
TRX0872,24,4,30000,10,3.5,108000,TGL0526,CNA0150,BRCH002,KOA0103,MENU002,KTG0206,PAY0712
TRX0941,20,4,20000,0,4.4,80000,TGL0527,CNA0151,BRCH004,KOA0105,MENU008,KTG0205,PAY0711
TRX0061,49,5,18000,5,4.2,85500,TGL0528,CNA0152,BRCH003,KOA0104,MENU009,KTG0206,PAY0710
TRX0663,20,5,18000,0,4.5,90000,TGL0529,CNA0153,BRCH001,KOA0102,MENU009,KTG0206,PAY0712
TRX0509,44,3,23000,20,2.8,55200,TGL0529,CNA0154,BRCH003,KOA0104,MENU005,KTG0206,PAY0710
TRX0264,18,5,23000,10,3.3,103500,TGL0530,CNA0155,BRCH002,KOA0103,MENU005,KTG0206,PAY0710
TRX0135,42,3,32000,0,3.5,96000,TGL0531,CNA0133,BRCH003,KOA0104,MENU006,KTG0206,PAY0709
TRX0096,29,4,18000,0,4.4,72000,TGL0532,CNA0157,BRCH004,KOA0105,MENU010,KTG0205,PAY0709
TRX0293,48,5,18000,0,1.2,90000,TGL0532,CNA0158,BRCH004,KOA0105,MENU010,KTG0205,PAY0712
TRX0020,17,5,18000,0,4.4,90000,TGL0532,CNA0159,BRCH004,KOA0105,MENU009,KTG0206,PAY0712
TRX0068,44,4,25000,0,3.3,100000,TGL0533,CNA0103,BRCH002,KOA0103,MENU001,KTG0205,PAY0709
TRX0642,23,4,18000,5,3.9,68400,TGL0534,CNA0147,BRCH004,KOA0105,MENU010,KTG0205,PAY0711
TRX0797,24,5,28000,0,2.9,140000,TGL0534,CNA0162,BRCH003,KOA0104,MENU004,KTG0207,PAY0712
TRX0331,32,5,18000,20,3.2,72000,TGL0534,CNA0137,BRCH001,KOA0102,MENU010,KTG0205,PAY0710
TRX0128,48,3,23000,0,1.4,69000,TGL0534,CNA0164,BRCH004,KOA0105,MENU005,KTG0206,PAY0711
TRX0383,18,4,25000,0,4.8,100000,TGL0534,CNA0165,BRCH004,KOA0105,MENU001,KTG0205,PAY0712
TRX0694,48,3,20000,20,2.3,48000,TGL0535,CNA0166,BRCH005,KOA0106,MENU008,KTG0205,PAY0710
TRX0450,38,3,32000,0,3.8,96000,TGL0536,CNA0167,BRCH003,KOA0104,MENU006,KTG0206,PAY0709
TRX0778,37,1,25000,0,3.7,25000,TGL0537,CNA0168,BRCH002,KOA0103,MENU001,KTG0205,PAY0709
TRX0334,53,2,22000,0,3.3,44000,TGL0537,CNA0169,BRCH005,KOA0106,MENU003,KTG0205,PAY0710
TRX0561,18,3,18000,0,2.1,54000,TGL0538,CNA0170,BRCH001,KOA0102,MENU010,KTG0205,PAY0709
TRX0255,43,3,20000,5,4.8,57000,TGL0538,CNA0171,BRCH001,KOA0102,MENU008,KTG0205,PAY0709
TRX0591,51,1,18000,0,2.7,18000,TGL0539,CNA0172,BRCH005,KOA0106,MENU009,KTG0206,PAY0711
TRX0092,35,1,27000,5,2.6,25650,TGL0539,CNA0173,BRCH001,KOA0102,MENU007,KTG0207,PAY0712
TRX0214,48,4,18000,0,1.7,72000,TGL0540,CNA0174,BRCH004,KOA0105,MENU009,KTG0206,PAY0711
TRX0597,48,4,32000,0,1.3,128000,TGL0540,CNA0175,BRCH005,KOA0106,MENU006,KTG0206,PAY0710
TRX0171,25,1,25000,10,2.4,22500,TGL0540,CNA0176,BRCH005,KOA0106,MENU001,KTG0205,PAY0712
TRX0422,38,1,23000,15,2,19550,TGL0540,CNA0177,BRCH002,KOA0103,MENU005,KTG0206,PAY0711
TRX0835,46,2,28000,20,2,44800,TGL0540,CNA0115,BRCH002,KOA0103,MENU004,KTG0207,PAY0710
TRX0604,24,5,30000,0,4.5,150000,TGL0541,CNA0150,BRCH002,KOA0103,MENU002,KTG0206,PAY0709
TRX0085,19,1,28000,20,3,22400,TGL0542,CNA0180,BRCH003,KOA0104,MENU004,KTG0207,PAY0711
TRX0923,43,3,32000,5,3.5,91200,TGL0542,CNA0181,BRCH002,KOA0103,MENU006,KTG0206,PAY0711
TRX0871,19,2,22000,0,1.6,44000,TGL0543,CNA0107,BRCH002,KOA0103,MENU003,KTG0205,PAY0712
TRX0147,54,4,25000,20,2.2,80000,TGL0543,CNA0183,BRCH003,KOA0104,MENU001,KTG0205,PAY0712
TRX0578,24,4,30000,15,1.9,102000,TGL0543,CNA0184,BRCH001,KOA0102,MENU002,KTG0206,PAY0709
TRX0503,22,4,27000,5,3.5,102600,TGL0543,CNA0185,BRCH004,KOA0105,MENU007,KTG0207,PAY0712
TRX0982,53,5,30000,0,3.6,150000,TGL0543,CNA0186,BRCH003,KOA0104,MENU002,KTG0206,PAY0711
TRX0557,49,1,22000,0,1.3,22000,TGL0544,CNA0187,BRCH001,KOA0102,MENU003,KTG0205,PAY0710
TRX0164,19,2,18000,10,4,32400,TGL0544,CNA0188,BRCH005,KOA0106,MENU009,KTG0206,PAY0711
TRX0160,48,3,18000,0,3.1,54000,TGL0545,CNA0127,BRCH001,KOA0102,MENU009,KTG0206,PAY0710
TRX0030,42,3,18000,0,2.3,54000,TGL0545,CNA0133,BRCH001,KOA0102,MENU010,KTG0205,PAY0712
TRX0978,41,3,18000,0,5,54000,TGL0545,CNA0191,BRCH001,KOA0102,MENU010,KTG0205,PAY0710
TRX0521,20,4,25000,10,2.6,90000,TGL0545,CNA0192,BRCH005,KOA0106,MENU001,KTG0205,PAY0710
TRX0963,20,3,30000,10,2.6,81000,TGL0546,CNA0153,BRCH003,KOA0104,MENU002,KTG0206,PAY0710
TRX0969,20,3,18000,0,3.5,54000,TGL0546,CNA0122,BRCH004,KOA0105,MENU010,KTG0205,PAY0710
TRX0601,42,4,22000,5,1.1,83600,TGL0547,CNA0195,BRCH005,KOA0106,MENU003,KTG0205,PAY0710
TRX0616,36,2,28000,20,4.4,44800,TGL0547,CNA0128,BRCH003,KOA0104,MENU004,KTG0207,PAY0709
TRX0406,53,4,28000,0,3.1,112000,TGL0548,CNA0138,BRCH005,KOA0106,MENU004,KTG0207,PAY0711
TRX0182,48,2,27000,0,2.9,54000,TGL0548,CNA0158,BRCH001,KOA0102,MENU007,KTG0207,PAY0712
TRX0189,24,1,23000,0,1.8,23000,TGL0548,CNA0199,BRCH004,KOA0105,MENU005,KTG0206,PAY0709
TRX0390,51,4,28000,0,4.4,112000,TGL0548,CNA0200,BRCH003,KOA0104,MENU004,KTG0207,PAY0710
TRX0576,23,2,20000,20,2.3,32000,TGL0549,CNA0201,BRCH002,KOA0103,MENU008,KTG0205,PAY0712
TRX0300,53,4,25000,0,3.5,100000,TGL0550,CNA0202,BRCH004,KOA0105,MENU001,KTG0205,PAY0712
TRX0918,22,4,18000,0,4.5,72000,TGL0551,CNA0203,BRCH003,KOA0104,MENU009,KTG0206,PAY0711
TRX0477,40,2,28000,0,1.9,56000,TGL0551,CNA0204,BRCH004,KOA0105,MENU004,KTG0207,PAY0710
TRX0931,17,2,30000,0,3.5,60000,TGL0551,CNA0205,BRCH001,KOA0102,MENU002,KTG0206,PAY0712
TRX0471,20,1,30000,15,2.2,25500,TGL0552,CNA0192,BRCH003,KOA0104,MENU002,KTG0206,PAY0711
TRX0655,50,4,23000,0,3.1,92000,TGL0553,CNA0207,BRCH005,KOA0106,MENU005,KTG0206,PAY0709
TRX0844,21,4,18000,5,1.1,68400,TGL0554,CNA0208,BRCH005,KOA0106,MENU009,KTG0206,PAY0709
TRX0555,23,2,30000,0,2,60000,TGL0554,CNA0201,BRCH001,KOA0102,MENU002,KTG0206,PAY0712
TRX0321,53,3,25000,0,3.5,75000,TGL0554,CNA0202,BRCH002,KOA0103,MENU001,KTG0205,PAY0712
TRX0213,49,1,27000,10,4.9,24300,TGL0554,CNA0211,BRCH005,KOA0106,MENU007,KTG0207,PAY0712
TRX0374,39,4,22000,0,3.4,88000,TGL0555,CNA0212,BRCH001,KOA0102,MENU003,KTG0205,PAY0710
TRX0512,37,3,32000,0,4.3,96000,TGL0556,CNA0168,BRCH005,KOA0106,MENU006,KTG0206,PAY0711
TRX0595,18,4,20000,0,3.6,80000,TGL0557,CNA0214,BRCH001,KOA0102,MENU008,KTG0205,PAY0711
TRX0346,52,2,22000,0,3.2,44000,TGL0558,CNA0215,BRCH002,KOA0103,MENU003,KTG0205,PAY0709
TRX0276,32,1,30000,5,3.1,28500,TGL0559,CNA0137,BRCH003,KOA0104,MENU002,KTG0206,PAY0710
TRX0900,25,5,25000,0,1.7,125000,TGL0559,CNA0217,BRCH002,KOA0103,MENU001,KTG0205,PAY0712
TRX0701,53,5,28000,0,4.8,140000,TGL0559,CNA0117,BRCH004,KOA0105,MENU004,KTG0207,PAY0710
TRX0530,23,3,28000,15,3.9,71400,TGL0559,CNA0219,BRCH005,KOA0106,MENU004,KTG0207,PAY0711
TRX0205,48,2,18000,5,2.5,34200,TGL0560,CNA0164,BRCH002,KOA0103,MENU010,KTG0205,PAY0710
TRX0312,45,2,18000,15,2.3,30600,TGL0560,CNA0131,BRCH004,KOA0105,MENU009,KTG0206,PAY0709
TRX0593,34,1,32000,0,4.2,32000,TGL0561,CNA0222,BRCH005,KOA0106,MENU006,KTG0206,PAY0710
TRX0621,18,4,27000,0,2.6,108000,TGL0561,CNA0223,BRCH005,KOA0106,MENU007,KTG0207,PAY0709
TRX0773,49,3,22000,10,2.7,59400,TGL0561,CNA0224,BRCH002,KOA0103,MENU003,KTG0205,PAY0712
TRX0500,25,5,23000,0,3.6,115000,TGL0561,CNA0225,BRCH004,KOA0105,MENU005,KTG0206,PAY0711
TRX0989,24,2,18000,5,1.5,34200,TGL0561,CNA0150,BRCH002,KOA0103,MENU009,KTG0206,PAY0710
TRX0412,17,1,30000,0,1.9,30000,TGL0562,CNA0227,BRCH005,KOA0106,MENU002,KTG0206,PAY0711
TRX0548,40,3,27000,0,3.5,81000,TGL0563,CNA0228,BRCH004,KOA0105,MENU007,KTG0207,PAY0712
TRX0497,22,5,28000,20,1.4,112000,TGL0564,CNA0118,BRCH004,KOA0105,MENU004,KTG0207,PAY0711
TRX0924,23,2,18000,10,1.3,32400,TGL0565,CNA0230,BRCH005,KOA0106,MENU010,KTG0205,PAY0709
TRX0499,39,4,32000,0,1.1,128000,TGL0566,CNA0212,BRCH002,KOA0103,MENU006,KTG0206,PAY0709
TRX0645,17,2,18000,10,1.5,32400,TGL0567,CNA0232,BRCH002,KOA0103,MENU009,KTG0206,PAY0709
TRX0209,18,1,20000,15,2.6,17000,TGL0567,CNA0233,BRCH002,KOA0103,MENU008,KTG0205,PAY0711
TRX0968,37,5,18000,0,4.4,90000,TGL0568,CNA0234,BRCH004,KOA0105,MENU009,KTG0206,PAY0711
TRX0988,44,1,27000,10,3.5,24300,TGL0569,CNA0235,BRCH004,KOA0105,MENU007,KTG0207,PAY0711
TRX0779,20,3,30000,0,1.9,90000,TGL0570,CNA0236,BRCH001,KOA0102,MENU002,KTG0206,PAY0709
TRX0444,19,2,23000,0,1.4,46000,TGL0571,CNA0188,BRCH005,KOA0106,MENU005,KTG0206,PAY0711
TRX0266,23,2,23000,0,4.7,46000,TGL0571,CNA0201,BRCH002,KOA0103,MENU005,KTG0206,PAY0711
TRX0727,23,4,32000,5,4.7,121600,TGL0571,CNA0239,BRCH005,KOA0106,MENU006,KTG0206,PAY0712
TRX0380,47,1,18000,0,4,18000,TGL0572,CNA0240,BRCH004,KOA0105,MENU009,KTG0206,PAY0710
TRX0144,22,2,20000,0,3.1,40000,TGL0573,CNA0118,BRCH001,KOA0102,MENU008,KTG0205,PAY0710
TRX0574,40,2,30000,15,3,51000,TGL0574,CNA0242,BRCH004,KOA0105,MENU002,KTG0206,PAY0711
TRX0215,43,5,28000,5,2.8,133000,TGL0575,CNA0140,BRCH005,KOA0106,MENU004,KTG0207,PAY0709
TRX0511,39,5,22000,15,4.4,93500,TGL0576,CNA0244,BRCH001,KOA0102,MENU003,KTG0205,PAY0712
TRX0565,40,2,30000,10,1.4,54000,TGL0576,CNA0245,BRCH003,KOA0104,MENU002,KTG0206,PAY0712
TRX0751,35,3,18000,10,3.1,48600,TGL0576,CNA0119,BRCH001,KOA0102,MENU010,KTG0205,PAY0712
TRX0840,19,1,20000,0,3.8,20000,TGL0576,CNA0247,BRCH002,KOA0103,MENU008,KTG0205,PAY0712
TRX0987,17,5,30000,0,4.6,150000,TGL0577,CNA0227,BRCH005,KOA0106,MENU002,KTG0206,PAY0710
TRX0192,43,1,28000,15,5,23800,TGL0577,CNA0171,BRCH003,KOA0104,MENU004,KTG0207,PAY0709
TRX0289,53,1,28000,0,2,28000,TGL0577,CNA0105,BRCH001,KOA0102,MENU004,KTG0207,PAY0709
TRX0816,22,1,20000,0,4.7,20000,TGL0578,CNA0112,BRCH004,KOA0105,MENU008,KTG0205,PAY0711
TRX0536,43,2,23000,10,1.5,41400,TGL0579,CNA0252,BRCH005,KOA0106,MENU005,KTG0206,PAY0711
TRX0103,53,5,25000,10,2.3,112500,TGL0580,CNA0186,BRCH004,KOA0105,MENU001,KTG0205,PAY0712
TRX0024,49,5,32000,0,3.1,160000,TGL0580,CNA0152,BRCH003,KOA0104,MENU006,KTG0206,PAY0711
TRX0095,30,1,20000,0,4.3,20000,TGL0580,CNA0255,BRCH004,KOA0105,MENU008,KTG0205,PAY0711
TRX0322,29,1,30000,0,4.1,30000,TGL0580,CNA0256,BRCH001,KOA0102,MENU002,KTG0206,PAY0710
TRX0044,53,5,30000,15,1.6,127500,TGL0580,CNA0148,BRCH002,KOA0103,MENU002,KTG0206,PAY0710
TRX0287,47,2,28000,10,1.4,50400,TGL0580,CNA0240,BRCH003,KOA0104,MENU004,KTG0207,PAY0709
TRX0483,25,2,32000,15,4,54400,TGL0580,CNA0176,BRCH002,KOA0103,MENU006,KTG0206,PAY0712
TRX0229,18,2,22000,0,2,44000,TGL0581,CNA0223,BRCH005,KOA0106,MENU003,KTG0205,PAY0710
TRX0532,49,2,22000,15,1.1,37400,TGL0582,CNA0211,BRCH004,KOA0105,MENU003,KTG0205,PAY0709
TRX0168,30,4,23000,10,1,82800,TGL0582,CNA0262,BRCH002,KOA0103,MENU005,KTG0206,PAY0709
TRX0124,36,1,18000,15,3.9,15300,TGL0583,CNA0263,BRCH002,KOA0103,MENU009,KTG0206,PAY0712
TRX0038,29,1,23000,0,3.7,23000,TGL0583,CNA0157,BRCH004,KOA0105,MENU005,KTG0206,PAY0711
TRX0796,42,1,30000,10,3.5,27000,TGL0583,CNA0265,BRCH002,KOA0103,MENU002,KTG0206,PAY0712
TRX0482,48,5,27000,0,2.1,135000,TGL0584,CNA0175,BRCH001,KOA0102,MENU007,KTG0207,PAY0710
TRX0546,48,5,20000,0,2.2,100000,TGL0585,CNA0166,BRCH002,KOA0103,MENU008,KTG0205,PAY0711
TRX0176,31,3,27000,15,3.1,68850,TGL0585,CNA0268,BRCH001,KOA0102,MENU007,KTG0207,PAY0712
TRX0868,34,3,18000,0,3.9,54000,TGL0585,CNA0269,BRCH005,KOA0106,MENU009,KTG0206,PAY0712
TRX0603,53,1,32000,15,3.7,27200,TGL0586,CNA0148,BRCH004,KOA0105,MENU006,KTG0206,PAY0711
TRX0657,48,1,23000,5,3.5,21850,TGL0587,CNA0271,BRCH004,KOA0105,MENU005,KTG0206,PAY0709
TRX0332,40,1,23000,0,1.4,23000,TGL0587,CNA0272,BRCH003,KOA0104,MENU005,KTG0206,PAY0711
TRX0659,46,4,18000,15,3.3,61200,TGL0588,CNA0115,BRCH003,KOA0104,MENU010,KTG0205,PAY0710
TRX0661,27,2,25000,15,4,42500,TGL0588,CNA0274,BRCH001,KOA0102,MENU001,KTG0205,PAY0712
TRX0562,37,5,22000,0,2.7,110000,TGL0588,CNA0168,BRCH003,KOA0104,MENU003,KTG0205,PAY0712
TRX0041,36,2,25000,0,4,50000,TGL0589,CNA0263,BRCH004,KOA0105,MENU001,KTG0205,PAY0711
TRX0957,52,5,27000,10,4.9,121500,TGL0590,CNA0277,BRCH003,KOA0104,MENU007,KTG0207,PAY0710
TRX0723,32,5,25000,15,2.4,106250,TGL0590,CNA0278,BRCH004,KOA0105,MENU001,KTG0205,PAY0712
TRX0958,48,3,27000,15,1,68850,TGL0591,CNA0158,BRCH001,KOA0102,MENU007,KTG0207,PAY0711
TRX0270,25,2,23000,0,4,46000,TGL0592,CNA0280,BRCH003,KOA0104,MENU005,KTG0206,PAY0712
TRX0105,22,1,27000,0,2.3,27000,TGL0593,CNA0118,BRCH001,KOA0102,MENU007,KTG0207,PAY0709
TRX0185,29,5,32000,0,2.2,160000,TGL0594,CNA0157,BRCH003,KOA0104,MENU006,KTG0206,PAY0712
TRX0894,48,2,22000,20,4,35200,TGL0594,CNA0127,BRCH001,KOA0102,MENU003,KTG0205,PAY0711
TRX0404,21,1,20000,15,1.1,17000,TGL0594,CNA0284,BRCH001,KOA0102,MENU008,KTG0205,PAY0712
TRX0704,48,1,18000,0,2.7,18000,TGL0595,CNA0158,BRCH002,KOA0103,MENU009,KTG0206,PAY0711
TRX0719,36,1,23000,10,4,20700,TGL0595,CNA0263,BRCH001,KOA0102,MENU005,KTG0206,PAY0710
TRX0518,31,1,32000,10,3.3,28800,TGL0595,CNA0287,BRCH002,KOA0103,MENU006,KTG0206,PAY0712
TRX0194,53,4,25000,0,1,100000,TGL0595,CNA0148,BRCH003,KOA0104,MENU001,KTG0205,PAY0710
TRX0825,42,1,20000,0,4.1,20000,TGL0595,CNA0289,BRCH003,KOA0104,MENU008,KTG0205,PAY0709
TRX0469,30,5,27000,0,4.3,135000,TGL0596,CNA0290,BRCH004,KOA0105,MENU007,KTG0207,PAY0712
TRX0991,39,1,32000,0,4.4,32000,TGL0597,CNA0291,BRCH001,KOA0102,MENU006,KTG0206,PAY0711
TRX0180,18,2,18000,5,2.3,34200,TGL0597,CNA0292,BRCH003,KOA0104,MENU010,KTG0205,PAY0710
TRX0031,43,3,30000,20,1.8,72000,TGL0597,CNA0252,BRCH004,KOA0105,MENU002,KTG0206,PAY0712
TRX0598,40,1,30000,0,1.9,30000,TGL0598,CNA0111,BRCH003,KOA0104,MENU002,KTG0206,PAY0709
TRX0441,42,4,27000,20,2.1,86400,TGL0599,CNA0295,BRCH002,KOA0103,MENU007,KTG0207,PAY0709
TRX0152,19,1,27000,0,2.7,27000,TGL0600,CNA0188,BRCH001,KOA0102,MENU007,KTG0207,PAY0709
TRX0560,28,1,27000,5,2.2,25650,TGL0601,CNA0297,BRCH002,KOA0103,MENU007,KTG0207,PAY0712
TRX0647,19,2,18000,0,2.4,36000,TGL0601,CNA0188,BRCH004,KOA0105,MENU009,KTG0206,PAY0709
TRX0384,38,3,30000,0,1.9,90000,TGL0601,CNA0299,BRCH003,KOA0104,MENU002,KTG0206,PAY0711
TRX0186,33,3,30000,0,3.5,90000,TGL0602,CNA0124,BRCH001,KOA0102,MENU002,KTG0206,PAY0709
TRX0867,29,3,27000,10,4.3,72900,TGL0602,CNA0301,BRCH003,KOA0104,MENU007,KTG0207,PAY0712
TRX0111,48,3,23000,15,4,58650,TGL0603,CNA0302,BRCH002,KOA0103,MENU005,KTG0206,PAY0712
TRX0838,44,2,28000,0,2.7,56000,TGL0604,CNA0303,BRCH002,KOA0103,MENU004,KTG0207,PAY0711
TRX0027,22,1,30000,0,1.4,30000,TGL0605,CNA0203,BRCH004,KOA0105,MENU002,KTG0206,PAY0712
TRX0373,34,5,25000,15,3.3,106250,TGL0606,CNA0222,BRCH005,KOA0106,MENU001,KTG0205,PAY0711
TRX0776,45,2,18000,5,1,34200,TGL0606,CNA0109,BRCH004,KOA0105,MENU009,KTG0206,PAY0709
TRX0549,49,5,23000,5,2.8,109250,TGL0607,CNA0152,BRCH001,KOA0102,MENU005,KTG0206,PAY0709
TRX0339,42,2,32000,5,4.6,60800,TGL0607,CNA0144,BRCH005,KOA0106,MENU006,KTG0206,PAY0710
TRX0866,37,4,23000,0,4.6,92000,TGL0607,CNA0146,BRCH004,KOA0105,MENU005,KTG0206,PAY0709
TRX0405,22,4,20000,0,2.3,80000,TGL0608,CNA0310,BRCH001,KOA0102,MENU008,KTG0205,PAY0710
TRX0849,46,4,27000,0,2,108000,TGL0608,CNA0115,BRCH005,KOA0106,MENU007,KTG0207,PAY0710
TRX0057,49,1,28000,10,3.1,25200,TGL0609,CNA0312,BRCH002,KOA0103,MENU004,KTG0207,PAY0710
TRX0691,25,5,18000,0,2.4,90000,TGL0610,CNA0280,BRCH001,KOA0102,MENU010,KTG0205,PAY0709
TRX0758,52,3,27000,5,3.2,76950,TGL0610,CNA0277,BRCH004,KOA0105,MENU007,KTG0207,PAY0711
TRX0890,51,2,32000,0,2.7,64000,TGL0610,CNA0315,BRCH003,KOA0104,MENU006,KTG0206,PAY0711
TRX0550,33,2,18000,10,1.2,32400,TGL0611,CNA0124,BRCH003,KOA0104,MENU009,KTG0206,PAY0712
TRX0731,31,4,18000,0,4.6,72000,TGL0612,CNA0317,BRCH003,KOA0104,MENU009,KTG0206,PAY0711
TRX0724,27,3,22000,0,4.3,66000,TGL0613,CNA0318,BRCH005,KOA0106,MENU003,KTG0205,PAY0710
TRX0857,31,1,22000,0,3,22000,TGL0614,CNA0319,BRCH002,KOA0103,MENU003,KTG0205,PAY0711
TRX0936,48,4,22000,0,2.8,88000,TGL0614,CNA0158,BRCH001,KOA0102,MENU003,KTG0205,PAY0712
TRX0143,51,4,28000,20,2.1,89600,TGL0615,CNA0139,BRCH003,KOA0104,MENU004,KTG0207,PAY0709
TRX0426,30,2,18000,15,2.6,30600,TGL0615,CNA0262,BRCH003,KOA0104,MENU009,KTG0206,PAY0710
TRX0790,18,3,18000,0,3.3,54000,TGL0615,CNA0323,BRCH002,KOA0103,MENU009,KTG0206,PAY0712
TRX0011,31,1,27000,0,2.4,27000,TGL0616,CNA0317,BRCH004,KOA0105,MENU007,KTG0207,PAY0710
TRX0948,45,4,25000,20,2.4,80000,TGL0616,CNA0325,BRCH002,KOA0103,MENU001,KTG0205,PAY0710
TRX0329,40,4,32000,5,2.8,121600,TGL0616,CNA0242,BRCH005,KOA0106,MENU006,KTG0206,PAY0710
TRX0320,38,4,30000,15,4.8,102000,TGL0616,CNA0299,BRCH001,KOA0102,MENU002,KTG0206,PAY0709
TRX0649,19,2,18000,0,3.7,36000,TGL0617,CNA0188,BRCH005,KOA0106,MENU010,KTG0205,PAY0709
TRX0453,18,2,22000,10,3.1,39600,TGL0617,CNA0292,BRCH005,KOA0106,MENU003,KTG0205,PAY0709
TRX0792,36,5,32000,20,2.8,128000,TGL0617,CNA0128,BRCH005,KOA0106,MENU006,KTG0206,PAY0710
TRX0498,51,3,27000,10,4,72900,TGL0617,CNA0114,BRCH001,KOA0102,MENU007,KTG0207,PAY0710
TRX0472,53,5,30000,20,4.8,120000,TGL0618,CNA0169,BRCH005,KOA0106,MENU002,KTG0206,PAY0709
TRX0658,27,5,18000,0,3.1,90000,TGL0618,CNA0333,BRCH001,KOA0102,MENU010,KTG0205,PAY0709
TRX0927,40,2,32000,0,4.3,64000,TGL0619,CNA0228,BRCH005,KOA0106,MENU006,KTG0206,PAY0709
TRX0411,31,1,22000,5,4,20900,TGL0620,CNA0317,BRCH001,KOA0102,MENU003,KTG0205,PAY0712
TRX0153,30,1,20000,0,1.5,20000,TGL0621,CNA0106,BRCH005,KOA0106,MENU008,KTG0205,PAY0712
TRX0006,25,1,20000,15,3.7,17000,TGL0622,CNA0225,BRCH005,KOA0106,MENU008,KTG0205,PAY0710
TRX0328,38,2,27000,0,4.7,54000,TGL0622,CNA0177,BRCH001,KOA0102,MENU007,KTG0207,PAY0712
TRX0029,21,2,32000,0,3.5,64000,TGL0623,CNA0208,BRCH001,KOA0102,MENU006,KTG0206,PAY0709
TRX0045,38,5,18000,10,2.1,81000,TGL0624,CNA0167,BRCH001,KOA0102,MENU010,KTG0205,PAY0709
TRX0514,43,4,30000,0,4.6,120000,TGL0625,CNA0252,BRCH002,KOA0103,MENU002,KTG0206,PAY0710
TRX0206,35,5,20000,10,2.2,90000,TGL0625,CNA0342,BRCH003,KOA0104,MENU008,KTG0205,PAY0709
TRX0121,40,5,30000,5,2.6,142500,TGL0626,CNA0111,BRCH003,KOA0104,MENU002,KTG0206,PAY0711
TRX0921,43,2,18000,0,3.4,36000,TGL0627,CNA0344,BRCH001,KOA0102,MENU010,KTG0205,PAY0711
TRX0813,22,1,28000,0,1.7,28000,TGL0628,CNA0310,BRCH001,KOA0102,MENU004,KTG0207,PAY0710
TRX0831,45,2,20000,0,3.1,40000,TGL0628,CNA0116,BRCH002,KOA0103,MENU008,KTG0205,PAY0709
TRX0834,52,1,27000,0,4.1,27000,TGL0628,CNA0215,BRCH002,KOA0103,MENU007,KTG0207,PAY0709
TRX0090,42,4,32000,20,1.3,102400,TGL0629,CNA0348,BRCH004,KOA0105,MENU006,KTG0206,PAY0712
TRX0826,51,3,18000,15,3.5,45900,TGL0630,CNA0114,BRCH004,KOA0105,MENU010,KTG0205,PAY0709
TRX0241,52,5,18000,15,3.2,76500,TGL0631,CNA0350,BRCH004,KOA0105,MENU009,KTG0206,PAY0709
TRX0021,49,3,30000,15,2.7,76500,TGL0631,CNA0224,BRCH001,KOA0102,MENU002,KTG0206,PAY0711
TRX0051,38,5,25000,0,4,125000,TGL0632,CNA0177,BRCH003,KOA0104,MENU001,KTG0205,PAY0709
TRX0915,18,3,18000,20,2.8,43200,TGL0632,CNA0214,BRCH002,KOA0103,MENU010,KTG0205,PAY0711
TRX0108,38,1,27000,0,2.8,27000,TGL0632,CNA0177,BRCH004,KOA0105,MENU007,KTG0207,PAY0712
TRX0966,28,2,30000,0,5,60000,TGL0633,CNA0297,BRCH003,KOA0104,MENU002,KTG0206,PAY0709
TRX0340,40,5,32000,0,4.1,160000,TGL0634,CNA0228,BRCH005,KOA0106,MENU006,KTG0206,PAY0710
TRX0048,25,1,28000,0,4.3,28000,TGL0634,CNA0357,BRCH001,KOA0102,MENU004,KTG0207,PAY0711
TRX0360,42,3,30000,5,1.3,85500,TGL0635,CNA0265,BRCH003,KOA0104,MENU002,KTG0206,PAY0710
TRX0995,23,2,18000,0,1.3,36000,TGL0635,CNA0230,BRCH003,KOA0104,MENU010,KTG0205,PAY0711
TRX0770,19,3,23000,20,2.7,55200,TGL0635,CNA0107,BRCH005,KOA0106,MENU005,KTG0206,PAY0712
TRX0542,40,3,27000,0,2.8,81000,TGL0636,CNA0204,BRCH004,KOA0105,MENU007,KTG0207,PAY0710
TRX0379,51,2,18000,0,3.8,36000,TGL0637,CNA0172,BRCH005,KOA0106,MENU009,KTG0206,PAY0711
TRX0353,48,5,30000,0,3.8,150000,TGL0638,CNA0127,BRCH001,KOA0102,MENU002,KTG0206,PAY0712
TRX0741,18,5,20000,15,1.9,85000,TGL0638,CNA0292,BRCH001,KOA0102,MENU008,KTG0205,PAY0709
TRX0254,42,4,23000,0,2.8,92000,TGL0638,CNA0295,BRCH003,KOA0104,MENU005,KTG0206,PAY0710
TRX0354,25,2,20000,5,3.4,38000,TGL0639,CNA0280,BRCH001,KOA0102,MENU008,KTG0205,PAY0710
TRX0739,29,3,25000,20,1.8,60000,TGL0640,CNA0256,BRCH001,KOA0102,MENU001,KTG0205,PAY0711
TRX0088,37,4,22000,0,4.2,88000,TGL0640,CNA0168,BRCH005,KOA0106,MENU003,KTG0205,PAY0711
TRX0410,51,3,28000,0,1.8,84000,TGL0641,CNA0200,BRCH002,KOA0103,MENU004,KTG0207,PAY0711
TRX0714,25,3,18000,0,1.1,54000,TGL0641,CNA0357,BRCH002,KOA0103,MENU010,KTG0205,PAY0710
TRX0386,30,2,20000,20,1.4,32000,TGL0641,CNA0126,BRCH002,KOA0103,MENU008,KTG0205,PAY0709
TRX0351,24,3,28000,0,4.8,84000,TGL0642,CNA0150,BRCH004,KOA0105,MENU004,KTG0207,PAY0709
TRX0954,31,5,32000,0,4.9,160000,TGL0643,CNA0268,BRCH001,KOA0102,MENU006,KTG0206,PAY0710
TRX0127,24,3,18000,10,2,48600,TGL0644,CNA0374,BRCH004,KOA0105,MENU009,KTG0206,PAY0712
TRX0916,18,5,28000,0,1.5,140000,TGL0645,CNA0155,BRCH001,KOA0102,MENU004,KTG0207,PAY0709
TRX0307,40,5,27000,5,1.3,128250,TGL0645,CNA0228,BRCH001,KOA0102,MENU007,KTG0207,PAY0711
TRX0475,43,5,18000,20,1.3,72000,TGL0645,CNA0140,BRCH001,KOA0102,MENU009,KTG0206,PAY0711
TRX0971,29,5,32000,0,1.8,160000,TGL0646,CNA0256,BRCH004,KOA0105,MENU006,KTG0206,PAY0712
TRX0448,20,3,30000,20,1.2,72000,TGL0646,CNA0236,BRCH002,KOA0103,MENU002,KTG0206,PAY0712
TRX0802,53,1,22000,10,2.4,19800,TGL0647,CNA0169,BRCH005,KOA0106,MENU003,KTG0205,PAY0711
TRX0908,40,4,25000,0,3.2,100000,TGL0647,CNA0381,BRCH002,KOA0103,MENU001,KTG0205,PAY0710
TRX0912,25,4,20000,0,4.6,80000,TGL0648,CNA0225,BRCH004,KOA0105,MENU008,KTG0205,PAY0710
TRX0230,53,5,28000,0,1.8,140000,TGL0648,CNA0117,BRCH002,KOA0103,MENU004,KTG0207,PAY0710
TRX0101,36,4,27000,15,3.5,91800,TGL0649,CNA0263,BRCH002,KOA0103,MENU007,KTG0207,PAY0709
TRX0378,50,2,18000,15,3.1,30600,TGL0650,CNA0385,BRCH002,KOA0103,MENU009,KTG0206,PAY0711
TRX0909,23,3,28000,10,1.2,75600,TGL0650,CNA0219,BRCH002,KOA0103,MENU004,KTG0207,PAY0710
TRX0996,18,3,32000,0,3.7,96000,TGL0650,CNA0233,BRCH003,KOA0104,MENU006,KTG0206,PAY0709
TRX0883,38,4,27000,5,3.9,102600,TGL0650,CNA0299,BRCH003,KOA0104,MENU007,KTG0207,PAY0711
TRX0564,43,2,22000,0,1.9,44000,TGL0651,CNA0181,BRCH003,KOA0104,MENU003,KTG0205,PAY0710
TRX0551,32,3,30000,20,3,72000,TGL0652,CNA0390,BRCH004,KOA0105,MENU002,KTG0206,PAY0712
TRX0335,44,1,28000,0,4.2,28000,TGL0653,CNA0391,BRCH005,KOA0106,MENU004,KTG0207,PAY0711
TRX0200,32,4,30000,0,4.9,120000,TGL0654,CNA0390,BRCH001,KOA0102,MENU002,KTG0206,PAY0711
TRX0151,52,2,28000,5,1.4,53200,TGL0655,CNA0277,BRCH005,KOA0106,MENU004,KTG0207,PAY0711
TRX0292,42,3,22000,15,1.6,56100,TGL0655,CNA0348,BRCH002,KOA0103,MENU003,KTG0205,PAY0710
TRX0398,30,4,18000,15,4.4,61200,TGL0655,CNA0290,BRCH003,KOA0104,MENU009,KTG0206,PAY0710
TRX0400,41,5,30000,15,5,127500,TGL0656,CNA0396,BRCH004,KOA0105,MENU002,KTG0206,PAY0709
TRX0106,18,3,30000,0,2,90000,TGL0656,CNA0233,BRCH004,KOA0105,MENU002,KTG0206,PAY0711
TRX0285,45,1,25000,10,5,22500,TGL0657,CNA0116,BRCH002,KOA0103,MENU001,KTG0205,PAY0712
TRX0637,30,2,22000,0,3.9,44000,TGL0657,CNA0290,BRCH005,KOA0106,MENU003,KTG0205,PAY0711
TRX0084,40,4,32000,15,2.5,108800,TGL0657,CNA0111,BRCH004,KOA0105,MENU006,KTG0206,PAY0709
TRX0709,53,3,25000,5,4.1,71250,TGL0658,CNA0186,BRCH004,KOA0105,MENU001,KTG0205,PAY0709
TRX0357,19,2,23000,20,2.8,36800,TGL0658,CNA0402,BRCH005,KOA0106,MENU005,KTG0206,PAY0710
TRX0955,21,5,23000,5,2.2,109250,TGL0658,CNA0284,BRCH001,KOA0102,MENU005,KTG0206,PAY0709
TRX0572,18,4,18000,15,2.7,61200,TGL0659,CNA0165,BRCH002,KOA0103,MENU010,KTG0205,PAY0710
TRX0571,51,1,20000,5,4.6,19000,TGL0659,CNA0315,BRCH003,KOA0104,MENU008,KTG0205,PAY0712
TRX0058,23,2,22000,0,4.3,44000,TGL0659,CNA0239,BRCH004,KOA0105,MENU003,KTG0205,PAY0711
TRX0272,48,1,28000,5,3.1,26600,TGL0660,CNA0164,BRCH005,KOA0106,MENU004,KTG0207,PAY0712
TRX0820,32,1,32000,15,1.3,27200,TGL0660,CNA0137,BRCH005,KOA0106,MENU006,KTG0206,PAY0712
TRX0169,32,4,30000,0,2.6,120000,TGL0660,CNA0278,BRCH005,KOA0106,MENU002,KTG0206,PAY0709
TRX0798,18,1,32000,0,4.5,32000,TGL0661,CNA0410,BRCH003,KOA0104,MENU006,KTG0206,PAY0711
TRX0454,52,1,18000,0,4.1,18000,TGL0662,CNA0411,BRCH005,KOA0106,MENU010,KTG0205,PAY0712
TRX0891,44,5,20000,10,3.1,90000,TGL0663,CNA0235,BRCH002,KOA0103,MENU008,KTG0205,PAY0711
TRX0414,18,3,23000,15,1.7,58650,TGL0664,CNA0233,BRCH003,KOA0104,MENU005,KTG0206,PAY0712
TRX0217,46,2,32000,0,4.3,64000,TGL0665,CNA0414,BRCH005,KOA0106,MENU006,KTG0206,PAY0710
TRX0559,17,3,27000,10,3,72900,TGL0666,CNA0205,BRCH001,KOA0102,MENU007,KTG0207,PAY0709
TRX0527,31,2,32000,0,3.9,64000,TGL0667,CNA0287,BRCH003,KOA0104,MENU006,KTG0206,PAY0711
TRX0026,34,5,18000,20,1.7,72000,TGL0668,CNA0269,BRCH002,KOA0103,MENU009,KTG0206,PAY0710
TRX0902,23,5,27000,10,2.8,121500,TGL0669,CNA0201,BRCH004,KOA0105,MENU007,KTG0207,PAY0711
TRX0859,17,1,20000,5,3.3,19000,TGL0669,CNA0205,BRCH003,KOA0104,MENU008,KTG0205,PAY0710
TRX0651,44,4,28000,20,2,89600,TGL0670,CNA0420,BRCH002,KOA0103,MENU004,KTG0207,PAY0711
TRX0413,19,2,23000,0,1.6,46000,TGL0671,CNA0188,BRCH005,KOA0106,MENU005,KTG0206,PAY0711
TRX0599,40,5,27000,20,2.6,108000,TGL0672,CNA0132,BRCH005,KOA0106,MENU007,KTG0207,PAY0712
TRX0937,40,1,27000,10,1.7,24300,TGL0673,CNA0111,BRCH002,KOA0103,MENU007,KTG0207,PAY0712
TRX0341,36,4,18000,20,2.9,57600,TGL0673,CNA0263,BRCH005,KOA0106,MENU009,KTG0206,PAY0709
TRX0622,44,2,25000,20,4.7,40000,TGL0674,CNA0120,BRCH002,KOA0103,MENU001,KTG0205,PAY0711
TRX0828,38,3,23000,10,2.4,62100,TGL0674,CNA0426,BRCH002,KOA0103,MENU005,KTG0206,PAY0711
TRX0371,36,5,18000,5,4.8,85500,TGL0675,CNA0263,BRCH002,KOA0103,MENU009,KTG0206,PAY0712
TRX0478,46,4,18000,5,2,68400,TGL0675,CNA0115,BRCH005,KOA0106,MENU009,KTG0206,PAY0712
TRX0298,18,5,30000,10,4.4,135000,TGL0675,CNA0165,BRCH005,KOA0106,MENU002,KTG0206,PAY0709
TRX0218,42,4,28000,0,1.4,112000,TGL0676,CNA0144,BRCH004,KOA0105,MENU004,KTG0207,PAY0711
TRX0856,52,4,32000,20,4,102400,TGL0676,CNA0277,BRCH001,KOA0102,MENU006,KTG0206,PAY0709
TRX0388,22,3,25000,10,1.5,67500,TGL0677,CNA0310,BRCH003,KOA0104,MENU001,KTG0205,PAY0709
TRX0089,18,5,18000,5,1.5,85500,TGL0677,CNA0410,BRCH001,KOA0102,MENU009,KTG0206,PAY0709
TRX0212,37,5,18000,0,1.5,90000,TGL0677,CNA0434,BRCH005,KOA0106,MENU009,KTG0206,PAY0709
TRX0959,52,2,18000,20,2.7,28800,TGL0678,CNA0215,BRCH004,KOA0105,MENU009,KTG0206,PAY0712
TRX0697,48,5,20000,15,3.6,85000,TGL0679,CNA0302,BRCH004,KOA0105,MENU008,KTG0205,PAY0709
TRX0337,48,4,23000,0,2,92000,TGL0679,CNA0174,BRCH002,KOA0103,MENU005,KTG0206,PAY0710
TRX0231,45,4,22000,0,4.8,88000,TGL0679,CNA0131,BRCH004,KOA0105,MENU003,KTG0205,PAY0712
TRX0473,37,1,27000,10,3.7,24300,TGL0680,CNA0434,BRCH002,KOA0103,MENU007,KTG0207,PAY0711
TRX0793,42,5,25000,15,4.8,106250,TGL0681,CNA0133,BRCH001,KOA0102,MENU001,KTG0205,PAY0712
TRX0721,19,5,23000,0,4.6,115000,TGL0681,CNA0145,BRCH002,KOA0103,MENU005,KTG0206,PAY0712
TRX0075,36,2,23000,15,1.1,39100,TGL0682,CNA0128,BRCH005,KOA0106,MENU005,KTG0206,PAY0712
TRX0417,33,4,25000,0,4.4,100000,TGL0683,CNA0130,BRCH002,KOA0103,MENU001,KTG0205,PAY0709
TRX0040,40,5,18000,0,4.3,90000,TGL0683,CNA0228,BRCH002,KOA0103,MENU009,KTG0206,PAY0709
TRX0827,31,2,32000,5,5,60800,TGL0684,CNA0268,BRCH002,KOA0103,MENU006,KTG0206,PAY0711
TRX0660,34,4,32000,0,3.7,128000,TGL0684,CNA0269,BRCH005,KOA0106,MENU006,KTG0206,PAY0709
TRX0695,49,5,30000,0,4.1,150000,TGL0685,CNA0224,BRCH004,KOA0105,MENU002,KTG0206,PAY0710
TRX0980,22,3,20000,0,2.6,60000,TGL0685,CNA0448,BRCH002,KOA0103,MENU008,KTG0205,PAY0710
TRX0415,42,5,18000,10,1.7,81000,TGL0685,CNA0195,BRCH005,KOA0106,MENU010,KTG0205,PAY0712
TRX0766,49,3,25000,0,1.2,75000,TGL0685,CNA0211,BRCH002,KOA0103,MENU001,KTG0205,PAY0709
TRX0528,20,5,30000,0,1.7,150000,TGL0685,CNA0192,BRCH002,KOA0103,MENU002,KTG0206,PAY0709
TRX0069,48,1,22000,0,1.5,22000,TGL0686,CNA0158,BRCH004,KOA0105,MENU003,KTG0205,PAY0710
TRX0349,44,2,28000,5,2.9,53200,TGL0686,CNA0453,BRCH001,KOA0102,MENU004,KTG0207,PAY0712
TRX0644,32,5,22000,0,3.3,110000,TGL0687,CNA0390,BRCH003,KOA0104,MENU003,KTG0205,PAY0712
TRX0811,19,1,27000,20,4.9,21600,TGL0687,CNA0188,BRCH002,KOA0103,MENU007,KTG0207,PAY0712
TRX0311,24,2,18000,0,2.8,36000,TGL0688,CNA0374,BRCH003,KOA0104,MENU010,KTG0205,PAY0710
TRX0423,32,2,23000,0,2.8,46000,TGL0688,CNA0390,BRCH002,KOA0103,MENU005,KTG0206,PAY0711
TRX0656,51,1,27000,15,3.4,22950,TGL0688,CNA0200,BRCH004,KOA0105,MENU007,KTG0207,PAY0711
TRX0023,25,3,30000,0,4.7,90000,TGL0688,CNA0280,BRCH002,KOA0103,MENU002,KTG0206,PAY0712
TRX0588,18,3,27000,5,4.7,76950,TGL0688,CNA0214,BRCH001,KOA0102,MENU007,KTG0207,PAY0711
TRX0342,44,3,23000,15,4.8,58650,TGL0689,CNA0420,BRCH003,KOA0104,MENU005,KTG0206,PAY0711
TRX0522,24,1,22000,0,2.7,22000,TGL0690,CNA0184,BRCH004,KOA0105,MENU003,KTG0205,PAY0710
TRX0754,32,2,28000,5,2.7,53200,TGL0690,CNA0137,BRCH002,KOA0103,MENU004,KTG0207,PAY0709
TRX0198,48,4,20000,20,4.8,64000,TGL0691,CNA0302,BRCH003,KOA0104,MENU008,KTG0205,PAY0711
TRX0979,27,5,32000,15,4.4,136000,TGL0692,CNA0333,BRCH002,KOA0103,MENU006,KTG0206,PAY0711
TRX0474,43,4,18000,10,1.5,64800,TGL0692,CNA0344,BRCH002,KOA0103,MENU010,KTG0205,PAY0710
TRX0600,53,2,23000,5,2.4,43700,TGL0692,CNA0148,BRCH004,KOA0105,MENU005,KTG0206,PAY0712
TRX0466,40,3,18000,5,2.1,51300,TGL0693,CNA0468,BRCH002,KOA0103,MENU009,KTG0206,PAY0711
TRX0692,37,3,23000,15,2.3,58650,TGL0694,CNA0434,BRCH002,KOA0103,MENU005,KTG0206,PAY0710
TRX0897,41,5,20000,10,4.5,90000,TGL0695,CNA0396,BRCH001,KOA0102,MENU008,KTG0205,PAY0711
TRX0126,44,3,30000,0,4.8,90000,TGL0696,CNA0303,BRCH001,KOA0102,MENU002,KTG0206,PAY0710
TRX0204,25,3,27000,0,1,81000,TGL0697,CNA0280,BRCH005,KOA0106,MENU007,KTG0207,PAY0710
TRX0596,17,4,28000,5,5,106400,TGL0698,CNA0227,BRCH001,KOA0102,MENU004,KTG0207,PAY0710
TRX0541,33,4,18000,0,2.2,72000,TGL0698,CNA0130,BRCH004,KOA0105,MENU009,KTG0206,PAY0711
TRX0515,19,4,23000,0,4.4,92000,TGL0699,CNA0188,BRCH002,KOA0103,MENU005,KTG0206,PAY0710
TRX0467,18,4,20000,20,2.6,64000,TGL0700,CNA0223,BRCH004,KOA0105,MENU008,KTG0205,PAY0709
TRX0375,25,4,18000,0,4.8,72000,TGL0701,CNA0225,BRCH001,KOA0102,MENU010,KTG0205,PAY0712
TRX0262,41,3,20000,20,1.3,48000,TGL0702,CNA0104,BRCH004,KOA0105,MENU008,KTG0205,PAY0709
TRX0611,18,2,32000,15,1.9,54400,TGL0702,CNA0155,BRCH004,KOA0105,MENU006,KTG0206,PAY0711
TRX0348,17,5,18000,15,2.1,76500,TGL0702,CNA0205,BRCH001,KOA0102,MENU010,KTG0205,PAY0710
TRX0107,42,4,22000,20,2.1,70400,TGL0702,CNA0348,BRCH005,KOA0106,MENU003,KTG0205,PAY0709
TRX0459,29,4,25000,0,1,100000,TGL0702,CNA0256,BRCH001,KOA0102,MENU001,KTG0205,PAY0712
TRX0225,53,3,27000,0,1.1,81000,TGL0703,CNA0138,BRCH004,KOA0105,MENU007,KTG0207,PAY0711
TRX0017,18,5,27000,0,4.8,135000,TGL0703,CNA0410,BRCH002,KOA0103,MENU007,KTG0207,PAY0710
TRX0847,35,4,22000,0,3.9,88000,TGL0703,CNA0173,BRCH002,KOA0103,MENU003,KTG0205,PAY0709
TRX0819,18,4,22000,5,4.2,83600,TGL0703,CNA0233,BRCH003,KOA0104,MENU003,KTG0205,PAY0712
TRX0039,18,1,30000,0,2.1,30000,TGL0703,CNA0292,BRCH002,KOA0103,MENU002,KTG0206,PAY0709
TRX0462,49,2,28000,0,3,56000,TGL0704,CNA0187,BRCH004,KOA0105,MENU004,KTG0207,PAY0712
TRX0109,50,3,27000,15,2.9,68850,TGL0704,CNA0207,BRCH005,KOA0106,MENU007,KTG0207,PAY0711
TRX0608,17,5,27000,0,4.1,135000,TGL0705,CNA0232,BRCH001,KOA0102,MENU007,KTG0207,PAY0711
TRX0239,32,3,23000,10,4.4,62100,TGL0706,CNA0137,BRCH004,KOA0105,MENU005,KTG0206,PAY0710
TRX0431,23,2,20000,0,1.5,40000,TGL0707,CNA0230,BRCH002,KOA0103,MENU008,KTG0205,PAY0712
TRX0733,25,4,28000,20,4.3,89600,TGL0707,CNA0280,BRCH005,KOA0106,MENU004,KTG0207,PAY0710
TRX0833,40,2,18000,0,4.1,36000,TGL0708,CNA0494,BRCH005,KOA0106,MENU009,KTG0206,PAY0711
TRX0737,30,4,18000,20,1.8,57600,TGL0708,CNA0106,BRCH005,KOA0106,MENU009,KTG0206,PAY0712
TRX0010,24,5,23000,20,1.1,92000,TGL0709,CNA0199,BRCH003,KOA0104,MENU005,KTG0206,PAY0710
TRX0163,25,2,18000,0,4.4,36000,TGL0710,CNA0497,BRCH002,KOA0103,MENU009,KTG0206,PAY0711
TRX0985,31,4,28000,0,1.5,112000,TGL0710,CNA0317,BRCH004,KOA0105,MENU004,KTG0207,PAY0710
TRX0962,30,5,27000,5,1.1,128250,TGL0710,CNA0255,BRCH003,KOA0104,MENU007,KTG0207,PAY0710
TRX0313,39,4,18000,5,1.2,68400,TGL0711,CNA0244,BRCH005,KOA0106,MENU010,KTG0205,PAY0710
TRX0251,29,3,32000,15,2.2,81600,TGL0712,CNA0301,BRCH002,KOA0103,MENU006,KTG0206,PAY0710
TRX0520,31,3,25000,20,2.8,60000,TGL0712,CNA0123,BRCH003,KOA0104,MENU001,KTG0205,PAY0712
TRX0173,46,5,27000,20,4,108000,TGL0713,CNA0414,BRCH002,KOA0103,MENU007,KTG0207,PAY0710
TRX0767,52,2,20000,15,1.1,34000,TGL0714,CNA0350,BRCH005,KOA0106,MENU008,KTG0205,PAY0710
TRX0199,42,4,25000,10,2.4,90000,TGL0715,CNA0133,BRCH005,KOA0106,MENU001,KTG0205,PAY0709
TRX0643,44,5,22000,0,3,110000,TGL0716,CNA0120,BRCH002,KOA0103,MENU003,KTG0205,PAY0710
TRX0299,24,3,20000,10,3.6,54000,TGL0716,CNA0507,BRCH005,KOA0106,MENU008,KTG0205,PAY0709
TRX0634,51,3,28000,20,1.4,67200,TGL0717,CNA0114,BRCH002,KOA0103,MENU004,KTG0207,PAY0711
TRX0076,35,5,32000,15,2,136000,TGL0718,CNA0342,BRCH005,KOA0106,MENU006,KTG0206,PAY0711
TRX0281,30,5,28000,10,2.9,126000,TGL0718,CNA0106,BRCH004,KOA0105,MENU004,KTG0207,PAY0711
TRX0680,36,5,30000,10,3.9,135000,TGL0718,CNA0511,BRCH002,KOA0103,MENU002,KTG0206,PAY0709
TRX0054,45,1,28000,0,3.8,28000,TGL0718,CNA0325,BRCH001,KOA0102,MENU004,KTG0207,PAY0712
TRX0297,52,1,28000,0,3,28000,TGL0719,CNA0513,BRCH005,KOA0106,MENU004,KTG0207,PAY0709
TRX0097,32,3,25000,5,2.3,71250,TGL0720,CNA0278,BRCH002,KOA0103,MENU001,KTG0205,PAY0709
TRX0570,34,4,28000,0,2.1,112000,TGL0721,CNA0222,BRCH003,KOA0104,MENU004,KTG0207,PAY0712
TRX0476,18,5,25000,20,2.9,100000,TGL0722,CNA0233,BRCH005,KOA0106,MENU001,KTG0205,PAY0711
TRX0672,19,5,18000,0,5,90000,TGL0722,CNA0107,BRCH005,KOA0106,MENU010,KTG0205,PAY0712
TRX0073,52,1,18000,0,2.3,18000,TGL0723,CNA0513,BRCH005,KOA0106,MENU009,KTG0206,PAY0709
TRX0843,35,3,23000,0,1.2,69000,TGL0723,CNA0119,BRCH004,KOA0105,MENU005,KTG0206,PAY0709
TRX0078,19,5,20000,5,2.1,95000,TGL0724,CNA0188,BRCH002,KOA0103,MENU008,KTG0205,PAY0710
TRX0257,25,4,20000,10,3.3,72000,TGL0725,CNA0280,BRCH003,KOA0104,MENU008,KTG0205,PAY0711
TRX0943,51,1,23000,0,4.7,23000,TGL0725,CNA0139,BRCH005,KOA0106,MENU005,KTG0206,PAY0711
TRX0211,53,5,22000,5,3.5,104500,TGL0725,CNA0202,BRCH003,KOA0104,MENU003,KTG0205,PAY0710
TRX0917,41,2,18000,5,2.2,34200,TGL0725,CNA0191,BRCH002,KOA0103,MENU009,KTG0206,PAY0712
TRX0947,44,4,27000,0,4.4,108000,TGL0726,CNA0103,BRCH002,KOA0103,MENU007,KTG0207,PAY0709
TRX0118,33,5,20000,5,4.9,95000,TGL0727,CNA0149,BRCH004,KOA0105,MENU008,KTG0205,PAY0710
TRX0990,25,1,18000,20,5,14400,TGL0727,CNA0497,BRCH003,KOA0104,MENU009,KTG0206,PAY0709
TRX0818,49,3,25000,15,1,63750,TGL0728,CNA0129,BRCH002,KOA0103,MENU001,KTG0205,PAY0711
TRX0809,18,4,18000,0,4.6,72000,TGL0728,CNA0214,BRCH001,KOA0102,MENU009,KTG0206,PAY0710
TRX0224,20,1,25000,0,5,25000,TGL0728,CNA0122,BRCH005,KOA0106,MENU001,KTG0205,PAY0709
TRX0677,45,4,27000,0,2.8,108000,TGL0728,CNA0531,BRCH001,KOA0102,MENU007,KTG0207,PAY0711
TRX0768,40,2,27000,10,1.4,48600,TGL0729,CNA0381,BRCH004,KOA0105,MENU007,KTG0207,PAY0710
TRX0842,51,2,18000,15,1.6,30600,TGL0730,CNA0315,BRCH004,KOA0105,MENU010,KTG0205,PAY0709
TRX0782,21,3,18000,10,2.1,48600,TGL0731,CNA0284,BRCH004,KOA0105,MENU009,KTG0206,PAY0712
TRX0874,42,5,18000,0,3.6,90000,TGL0732,CNA0195,BRCH005,KOA0106,MENU009,KTG0206,PAY0711
TRX0781,39,4,22000,5,4.5,83600,TGL0732,CNA0110,BRCH005,KOA0106,MENU003,KTG0205,PAY0711
TRX0762,19,4,18000,10,1.5,64800,TGL0732,CNA0537,BRCH004,KOA0105,MENU010,KTG0205,PAY0711
TRX0875,52,3,20000,0,2.1,60000,TGL0733,CNA0411,BRCH002,KOA0103,MENU008,KTG0205,PAY0712
TRX0008,53,5,20000,5,2.7,95000,TGL0734,CNA0169,BRCH002,KOA0103,MENU008,KTG0205,PAY0711
TRX0715,29,1,30000,0,4.7,30000,TGL0735,CNA0256,BRCH005,KOA0106,MENU002,KTG0206,PAY0709
TRX0372,28,2,25000,20,3.7,40000,TGL0736,CNA0541,BRCH001,KOA0102,MENU001,KTG0205,PAY0711
TRX0261,22,5,28000,5,4.2,133000,TGL0737,CNA0310,BRCH002,KOA0103,MENU004,KTG0207,PAY0711
TRX0100,40,1,32000,10,1.2,28800,TGL0737,CNA0242,BRCH003,KOA0104,MENU006,KTG0206,PAY0712
TRX0853,24,4,27000,0,3.4,108000,TGL0737,CNA0184,BRCH001,KOA0102,MENU007,KTG0207,PAY0711
TRX0614,19,1,30000,10,3.4,27000,TGL0738,CNA0537,BRCH003,KOA0104,MENU002,KTG0206,PAY0711
TRX0526,40,2,27000,15,3.1,45900,TGL0738,CNA0468,BRCH002,KOA0103,MENU007,KTG0207,PAY0711
TRX0016,40,1,27000,0,4.4,27000,TGL0739,CNA0242,BRCH005,KOA0106,MENU007,KTG0207,PAY0711
TRX0944,40,1,20000,5,1.5,19000,TGL0740,CNA0204,BRCH001,KOA0102,MENU008,KTG0205,PAY0711
TRX0424,52,2,27000,0,4.7,54000,TGL0740,CNA0411,BRCH005,KOA0106,MENU007,KTG0207,PAY0710
TRX0157,49,2,23000,20,1.3,36800,TGL0740,CNA0143,BRCH005,KOA0106,MENU005,KTG0206,PAY0712
TRX0535,22,4,18000,10,4.7,64800,TGL0741,CNA0310,BRCH002,KOA0103,MENU010,KTG0205,PAY0712
TRX0519,17,3,32000,20,3.1,76800,TGL0741,CNA0205,BRCH004,KOA0105,MENU006,KTG0206,PAY0711
TRX0540,53,2,18000,10,3.2,32400,TGL0742,CNA0105,BRCH005,KOA0106,MENU010,KTG0205,PAY0709
TRX0889,29,2,18000,0,3.5,36000,TGL0743,CNA0256,BRCH001,KOA0102,MENU010,KTG0205,PAY0711
TRX0628,30,4,30000,0,4,120000,TGL0744,CNA0106,BRCH004,KOA0105,MENU002,KTG0206,PAY0709
TRX0893,37,1,28000,0,4,28000,TGL0745,CNA0234,BRCH003,KOA0104,MENU004,KTG0207,PAY0709
TRX0975,31,2,18000,15,3.8,30600,TGL0745,CNA0287,BRCH001,KOA0102,MENU010,KTG0205,PAY0709
TRX0154,27,4,25000,20,1.7,80000,TGL0746,CNA0558,BRCH005,KOA0106,MENU001,KTG0205,PAY0710
TRX0675,18,1,28000,10,5,25200,TGL0747,CNA0323,BRCH002,KOA0103,MENU004,KTG0207,PAY0710
TRX0447,41,1,32000,5,4,30400,TGL0748,CNA0560,BRCH001,KOA0102,MENU006,KTG0206,PAY0709
TRX0940,44,2,22000,0,2.9,44000,TGL0749,CNA0453,BRCH005,KOA0106,MENU003,KTG0205,PAY0712
TRX0753,35,4,32000,10,1.4,115200,TGL0749,CNA0342,BRCH005,KOA0106,MENU006,KTG0206,PAY0712
TRX0745,24,4,22000,15,3.1,74800,TGL0750,CNA0184,BRCH002,KOA0103,MENU003,KTG0205,PAY0709
TRX0673,47,5,30000,15,3.2,127500,TGL0751,CNA0240,BRCH001,KOA0102,MENU002,KTG0206,PAY0711
TRX0729,18,5,32000,0,1,160000,TGL0751,CNA0292,BRCH004,KOA0105,MENU006,KTG0206,PAY0712
TRX0763,20,3,23000,0,2.5,69000,TGL0751,CNA0236,BRCH003,KOA0104,MENU005,KTG0206,PAY0712
TRX0744,45,5,23000,15,1.8,97750,TGL0752,CNA0325,BRCH005,KOA0106,MENU005,KTG0206,PAY0710
TRX0138,51,4,20000,15,2.6,68000,TGL0752,CNA0315,BRCH005,KOA0106,MENU008,KTG0205,PAY0712
TRX0699,54,2,32000,0,3.7,64000,TGL0753,CNA0134,BRCH003,KOA0104,MENU006,KTG0206,PAY0712
TRX0115,34,1,22000,15,2,18700,TGL0754,CNA0222,BRCH001,KOA0102,MENU003,KTG0205,PAY0710
TRX0110,25,2,25000,10,4.1,45000,TGL0754,CNA0121,BRCH002,KOA0103,MENU001,KTG0205,PAY0709
TRX0836,27,1,22000,20,1.4,17600,TGL0755,CNA0318,BRCH001,KOA0102,MENU003,KTG0205,PAY0709
TRX0865,25,2,27000,0,4,54000,TGL0755,CNA0225,BRCH005,KOA0106,MENU007,KTG0207,PAY0712
TRX0235,19,2,25000,20,2.6,40000,TGL0756,CNA0180,BRCH002,KOA0103,MENU001,KTG0205,PAY0709
TRX0717,22,5,22000,0,1.9,110000,TGL0757,CNA0185,BRCH002,KOA0103,MENU003,KTG0205,PAY0710
TRX0370,38,5,18000,15,3.5,76500,TGL0758,CNA0177,BRCH002,KOA0103,MENU009,KTG0206,PAY0711
TRX0935,18,2,28000,0,4.7,56000,TGL0758,CNA0323,BRCH005,KOA0106,MENU004,KTG0207,PAY0711
TRX0977,18,4,18000,20,2.1,57600,TGL0759,CNA0323,BRCH003,KOA0104,MENU010,KTG0205,PAY0710
TRX0747,25,4,25000,0,1.3,100000,TGL0760,CNA0497,BRCH004,KOA0105,MENU001,KTG0205,PAY0709
TRX0435,40,3,32000,5,3.8,91200,TGL0761,CNA0468,BRCH003,KOA0104,MENU006,KTG0206,PAY0710
TRX0999,31,2,23000,5,1.9,43700,TGL0761,CNA0581,BRCH004,KOA0105,MENU005,KTG0206,PAY0711
TRX0553,48,2,18000,15,2.1,30600,TGL0761,CNA0158,BRCH002,KOA0103,MENU009,KTG0206,PAY0710
TRX0755,53,2,28000,15,2.8,47600,TGL0762,CNA0186,BRCH003,KOA0104,MENU004,KTG0207,PAY0710
TRX0544,23,3,18000,0,2.2,54000,TGL0763,CNA0219,BRCH004,KOA0105,MENU010,KTG0205,PAY0712
TRX0537,31,5,18000,10,3.6,81000,TGL0763,CNA0123,BRCH001,KOA0102,MENU010,KTG0205,PAY0712
TRX0238,46,1,18000,0,3.6,18000,TGL0764,CNA0414,BRCH001,KOA0102,MENU009,KTG0206,PAY0712
TRX0606,31,2,30000,0,3.2,60000,TGL0765,CNA0136,BRCH003,KOA0104,MENU002,KTG0206,PAY0710
TRX0046,37,2,23000,10,3.1,41400,TGL0766,CNA0434,BRCH005,KOA0106,MENU005,KTG0206,PAY0712
TRX0003,25,1,30000,5,3.1,28500,TGL0766,CNA0225,BRCH003,KOA0104,MENU002,KTG0206,PAY0710
TRX0362,30,2,28000,0,1.5,56000,TGL0767,CNA0126,BRCH004,KOA0105,MENU004,KTG0207,PAY0710
TRX0221,42,1,18000,10,1.9,16200,TGL0768,CNA0195,BRCH005,KOA0106,MENU009,KTG0206,PAY0710
TRX0929,49,4,18000,0,2.9,72000,TGL0769,CNA0312,BRCH005,KOA0106,MENU009,KTG0206,PAY0709
TRX0303,35,1,32000,10,3.9,28800,TGL0769,CNA0119,BRCH004,KOA0105,MENU006,KTG0206,PAY0712
TRX0156,27,3,18000,0,1.7,54000,TGL0769,CNA0318,BRCH004,KOA0105,MENU010,KTG0205,PAY0711
TRX0366,25,5,27000,20,2.6,108000,TGL0769,CNA0357,BRCH003,KOA0104,MENU007,KTG0207,PAY0709
TRX0590,18,3,27000,10,1.7,72900,TGL0770,CNA0223,BRCH001,KOA0102,MENU007,KTG0207,PAY0710
TRX0852,42,1,32000,5,1.3,30400,TGL0770,CNA0265,BRCH003,KOA0104,MENU006,KTG0206,PAY0711
TRX0183,27,3,25000,0,3.7,75000,TGL0770,CNA0101,BRCH001,KOA0102,MENU001,KTG0205,PAY0711
TRX0012,44,4,18000,15,2.3,61200,TGL0770,CNA0303,BRCH005,KOA0106,MENU010,KTG0205,PAY0711
TRX0880,18,1,22000,5,4.5,20900,TGL0770,CNA0165,BRCH003,KOA0104,MENU003,KTG0205,PAY0711
TRX0905,25,1,23000,0,3.4,23000,TGL0771,CNA0497,BRCH005,KOA0106,MENU005,KTG0206,PAY0711
TRX0442,52,1,22000,0,1.5,22000,TGL0772,CNA0411,BRCH005,KOA0106,MENU003,KTG0205,PAY0712
TRX0397,30,1,18000,20,1.5,14400,TGL0772,CNA0126,BRCH005,KOA0106,MENU009,KTG0206,PAY0710
TRX0510,45,2,20000,5,1.5,38000,TGL0772,CNA0531,BRCH002,KOA0103,MENU008,KTG0205,PAY0711
TRX0098,53,3,28000,0,4.4,84000,TGL0773,CNA0169,BRCH003,KOA0104,MENU004,KTG0207,PAY0710
TRX0973,48,3,20000,20,2.5,48000,TGL0773,CNA0158,BRCH001,KOA0102,MENU008,KTG0205,PAY0709
TRX0765,27,4,28000,0,1.9,112000,TGL0773,CNA0558,BRCH002,KOA0103,MENU004,KTG0207,PAY0712
TRX0688,45,1,30000,0,3.5,30000,TGL0774,CNA0531,BRCH003,KOA0104,MENU002,KTG0206,PAY0710
TRX0686,33,5,32000,20,2.2,128000,TGL0774,CNA0113,BRCH005,KOA0106,MENU006,KTG0206,PAY0711
TRX0170,52,3,20000,10,4.4,54000,TGL0774,CNA0277,BRCH004,KOA0105,MENU008,KTG0205,PAY0712
TRX0602,49,2,23000,15,1.4,39100,TGL0774,CNA0152,BRCH003,KOA0104,MENU005,KTG0206,PAY0710
TRX0145,18,1,27000,10,4.4,24300,TGL0775,CNA0155,BRCH003,KOA0104,MENU007,KTG0207,PAY0709
TRX0864,45,4,30000,0,2.4,120000,TGL0776,CNA0109,BRCH001,KOA0102,MENU002,KTG0206,PAY0709
TRX0226,38,4,25000,15,1.9,85000,TGL0777,CNA0299,BRCH005,KOA0106,MENU001,KTG0205,PAY0710
TRX0436,25,5,27000,0,4.3,135000,TGL0778,CNA0280,BRCH001,KOA0102,MENU007,KTG0207,PAY0709
TRX0933,42,4,27000,15,2.8,91800,TGL0779,CNA0195,BRCH002,KOA0103,MENU007,KTG0207,PAY0712
TRX0568,40,1,22000,0,3,22000,TGL0779,CNA0242,BRCH004,KOA0105,MENU003,KTG0205,PAY0711
TRX0925,42,4,32000,20,1.9,102400,TGL0780,CNA0195,BRCH004,KOA0105,MENU006,KTG0206,PAY0712
TRX0394,32,3,32000,0,2.2,96000,TGL0780,CNA0390,BRCH004,KOA0105,MENU006,KTG0206,PAY0709
TRX0632,23,4,28000,0,2.4,112000,TGL0781,CNA0147,BRCH005,KOA0106,MENU004,KTG0207,PAY0711
TRX0854,32,3,20000,20,4.9,48000,TGL0781,CNA0278,BRCH004,KOA0105,MENU008,KTG0205,PAY0709
TRX0070,17,5,30000,0,1.5,150000,TGL0782,CNA0232,BRCH003,KOA0104,MENU002,KTG0206,PAY0710
TRX0365,29,5,30000,0,3.9,150000,TGL0782,CNA0157,BRCH001,KOA0102,MENU002,KTG0206,PAY0709
TRX0624,27,2,20000,0,4.7,40000,TGL0782,CNA0318,BRCH003,KOA0104,MENU008,KTG0205,PAY0712
TRX0319,18,3,18000,10,1.5,48600,TGL0783,CNA0223,BRCH003,KOA0104,MENU010,KTG0205,PAY0711
TRX0665,24,3,27000,20,2.6,64800,TGL0784,CNA0199,BRCH005,KOA0106,MENU007,KTG0207,PAY0711
TRX0294,43,5,28000,15,4.3,119000,TGL0784,CNA0181,BRCH002,KOA0103,MENU004,KTG0207,PAY0711
TRX0402,41,2,25000,20,1.1,40000,TGL0784,CNA0560,BRCH005,KOA0106,MENU001,KTG0205,PAY0710
TRX0174,23,1,22000,5,4.2,20900,TGL0785,CNA0219,BRCH002,KOA0103,MENU003,KTG0205,PAY0710
TRX0886,33,4,32000,10,1.1,115200,TGL0786,CNA0113,BRCH004,KOA0105,MENU006,KTG0206,PAY0712
TRX0953,28,5,18000,0,4.8,90000,TGL0786,CNA0297,BRCH003,KOA0104,MENU010,KTG0205,PAY0712
TRX0439,53,1,32000,15,1.6,27200,TGL0787,CNA0105,BRCH002,KOA0103,MENU006,KTG0206,PAY0709
TRX0093,20,4,18000,5,2.2,68400,TGL0787,CNA0153,BRCH003,KOA0104,MENU009,KTG0206,PAY0709
TRX0429,53,3,25000,0,3.3,75000,TGL0787,CNA0138,BRCH005,KOA0106,MENU001,KTG0205,PAY0710
TRX0566,49,4,22000,0,3.3,88000,TGL0788,CNA0152,BRCH005,KOA0106,MENU003,KTG0205,PAY0710
TRX0470,32,3,30000,5,2.7,85500,TGL0788,CNA0278,BRCH003,KOA0104,MENU002,KTG0206,PAY0710
TRX0065,48,5,22000,20,3.8,88000,TGL0789,CNA0174,BRCH003,KOA0104,MENU003,KTG0205,PAY0711
TRX0756,30,3,20000,15,3.9,51000,TGL0790,CNA0126,BRCH003,KOA0104,MENU008,KTG0205,PAY0711
TRX0278,33,1,30000,0,2.8,30000,TGL0790,CNA0130,BRCH001,KOA0102,MENU002,KTG0206,PAY0710
TRX0676,41,1,25000,15,4.9,21250,TGL0791,CNA0191,BRCH003,KOA0104,MENU001,KTG0205,PAY0711
TRX0870,41,1,22000,15,4.6,18700,TGL0792,CNA0641,BRCH002,KOA0103,MENU003,KTG0205,PAY0711
TRX0772,44,3,18000,0,1.6,54000,TGL0793,CNA0453,BRCH002,KOA0103,MENU009,KTG0206,PAY0711
TRX0246,44,3,23000,0,1.5,69000,TGL0794,CNA0453,BRCH003,KOA0104,MENU005,KTG0206,PAY0709
TRX0967,43,4,18000,0,4.2,72000,TGL0794,CNA0140,BRCH002,KOA0103,MENU010,KTG0205,PAY0711
TRX0316,30,5,18000,20,2.4,72000,TGL0795,CNA0106,BRCH005,KOA0106,MENU009,KTG0206,PAY0709
TRX0485,27,4,28000,0,1,112000,TGL0796,CNA0646,BRCH001,KOA0102,MENU004,KTG0207,PAY0711
TRX0123,41,3,28000,20,2.5,67200,TGL0797,CNA0104,BRCH002,KOA0103,MENU004,KTG0207,PAY0710
TRX0623,42,1,32000,15,2.4,27200,TGL0797,CNA0265,BRCH001,KOA0102,MENU006,KTG0206,PAY0710
TRX0901,44,2,18000,5,2.4,34200,TGL0797,CNA0303,BRCH002,KOA0103,MENU009,KTG0206,PAY0711
TRX0396,44,3,23000,0,3.7,69000,TGL0798,CNA0453,BRCH003,KOA0104,MENU005,KTG0206,PAY0712
TRX0523,49,4,22000,15,3.3,74800,TGL0799,CNA0211,BRCH005,KOA0106,MENU003,KTG0205,PAY0709
TRX0460,27,5,18000,0,2,90000,TGL0800,CNA0101,BRCH003,KOA0104,MENU009,KTG0206,PAY0709
TRX0801,32,3,28000,20,1.7,67200,TGL0801,CNA0278,BRCH004,KOA0105,MENU004,KTG0207,PAY0709
TRX0972,35,5,22000,10,4.7,99000,TGL0801,CNA0654,BRCH003,KOA0104,MENU003,KTG0205,PAY0709
TRX0711,18,2,32000,10,3.5,57600,TGL0802,CNA0233,BRCH003,KOA0104,MENU006,KTG0206,PAY0712
TRX0056,38,5,27000,20,1.4,108000,TGL0802,CNA0426,BRCH002,KOA0103,MENU007,KTG0207,PAY0711
TRX0187,17,2,27000,15,1.6,45900,TGL0803,CNA0205,BRCH002,KOA0103,MENU007,KTG0207,PAY0709
TRX0125,54,1,23000,10,3.2,20700,TGL0803,CNA0183,BRCH005,KOA0106,MENU005,KTG0206,PAY0710
TRX0355,31,4,20000,0,4.3,80000,TGL0803,CNA0123,BRCH004,KOA0105,MENU008,KTG0205,PAY0709
TRX0654,25,5,18000,0,3.9,90000,TGL0804,CNA0225,BRCH004,KOA0105,MENU009,KTG0206,PAY0710
TRX0283,48,3,28000,5,3.8,79800,TGL0804,CNA0174,BRCH002,KOA0103,MENU004,KTG0207,PAY0709
TRX0323,25,3,32000,10,1.3,86400,TGL0805,CNA0497,BRCH001,KOA0102,MENU006,KTG0206,PAY0710
TRX0309,49,4,28000,5,4.3,106400,TGL0805,CNA0224,BRCH003,KOA0104,MENU004,KTG0207,PAY0709
TRX0855,27,2,28000,10,2.4,50400,TGL0805,CNA0333,BRCH004,KOA0105,MENU004,KTG0207,PAY0710
TRX0258,48,4,27000,0,3.7,108000,TGL0806,CNA0174,BRCH004,KOA0105,MENU007,KTG0207,PAY0712
TRX0304,42,1,22000,5,4.9,20900,TGL0806,CNA0348,BRCH003,KOA0104,MENU003,KTG0205,PAY0709
TRX0053,25,4,23000,0,2.1,92000,TGL0807,CNA0217,BRCH001,KOA0102,MENU005,KTG0206,PAY0710
TRX0336,19,3,18000,10,4.9,48600,TGL0807,CNA0537,BRCH002,KOA0103,MENU010,KTG0205,PAY0710
TRX0140,19,5,32000,0,4.5,160000,TGL0808,CNA0188,BRCH001,KOA0102,MENU006,KTG0206,PAY0711
TRX0552,39,4,28000,0,4.1,112000,TGL0809,CNA0670,BRCH002,KOA0103,MENU004,KTG0207,PAY0711
TRX0059,51,2,23000,20,1.4,36800,TGL0809,CNA0200,BRCH003,KOA0104,MENU005,KTG0206,PAY0709
TRX0524,34,1,18000,15,1,15300,TGL0809,CNA0269,BRCH004,KOA0105,MENU010,KTG0205,PAY0712
TRX0780,19,3,28000,20,1.5,67200,TGL0810,CNA0402,BRCH005,KOA0106,MENU004,KTG0207,PAY0711
TRX0421,30,5,32000,20,4.5,128000,TGL0810,CNA0674,BRCH004,KOA0105,MENU006,KTG0206,PAY0709
TRX0579,40,3,20000,0,2.8,60000,TGL0811,CNA0381,BRCH001,KOA0102,MENU008,KTG0205,PAY0710
TRX0028,43,3,32000,5,4.4,91200,TGL0812,CNA0344,BRCH001,KOA0102,MENU006,KTG0206,PAY0712
TRX0585,21,5,32000,20,2.8,128000,TGL0813,CNA0208,BRCH002,KOA0103,MENU006,KTG0206,PAY0709
TRX0486,51,4,30000,20,3,96000,TGL0813,CNA0114,BRCH003,KOA0104,MENU002,KTG0206,PAY0712
TRX0879,18,5,18000,0,3.5,90000,TGL0813,CNA0214,BRCH003,KOA0104,MENU009,KTG0206,PAY0711
TRX0877,39,3,18000,0,2.4,54000,TGL0814,CNA0670,BRCH003,KOA0104,MENU009,KTG0206,PAY0711
TRX0437,38,5,28000,0,2.3,140000,TGL0815,CNA0167,BRCH003,KOA0104,MENU004,KTG0207,PAY0712
TRX0132,18,2,22000,20,2.4,35200,TGL0815,CNA0233,BRCH005,KOA0106,MENU003,KTG0205,PAY0710
TRX0403,18,3,27000,0,2,81000,TGL0816,CNA0223,BRCH002,KOA0103,MENU007,KTG0207,PAY0712
TRX0718,18,1,27000,10,1.8,24300,TGL0817,CNA0170,BRCH002,KOA0103,MENU007,KTG0207,PAY0709
TRX0774,27,4,18000,20,2.4,57600,TGL0817,CNA0318,BRCH005,KOA0106,MENU010,KTG0205,PAY0711
TRX0817,53,4,25000,10,1.7,90000,TGL0818,CNA0169,BRCH004,KOA0105,MENU001,KTG0205,PAY0709
TRX0839,27,2,28000,5,3.1,53200,TGL0818,CNA0318,BRCH005,KOA0106,MENU004,KTG0207,PAY0710
TRX0277,39,1,23000,20,3.9,18400,TGL0819,CNA0670,BRCH003,KOA0104,MENU005,KTG0206,PAY0712
TRX0376,27,5,20000,0,4.2,100000,TGL0820,CNA0558,BRCH002,KOA0103,MENU008,KTG0205,PAY0711
TRX0427,39,1,27000,0,1.5,27000,TGL0820,CNA0244,BRCH003,KOA0104,MENU007,KTG0207,PAY0712
TRX0007,30,1,20000,0,3,20000,TGL0820,CNA0255,BRCH005,KOA0106,MENU008,KTG0205,PAY0710
TRX0253,53,1,28000,5,3.7,26600,TGL0821,CNA0138,BRCH005,KOA0106,MENU004,KTG0207,PAY0709
TRX0986,54,5,18000,0,3.5,90000,TGL0822,CNA0134,BRCH001,KOA0102,MENU010,KTG0205,PAY0712
TRX0269,22,5,28000,20,3,112000,TGL0822,CNA0118,BRCH003,KOA0104,MENU004,KTG0207,PAY0710
TRX0904,23,2,32000,0,3.3,64000,TGL0822,CNA0219,BRCH003,KOA0104,MENU006,KTG0206,PAY0709
TRX0749,34,5,27000,0,2.3,135000,TGL0823,CNA0696,BRCH003,KOA0104,MENU007,KTG0207,PAY0710
TRX0882,33,1,32000,0,1.8,32000,TGL0824,CNA0124,BRCH003,KOA0104,MENU006,KTG0206,PAY0710
TRX0279,23,2,32000,20,4.8,51200,TGL0824,CNA0201,BRCH001,KOA0102,MENU006,KTG0206,PAY0712
TRX0812,49,2,18000,0,4.5,36000,TGL0824,CNA0224,BRCH003,KOA0104,MENU010,KTG0205,PAY0712
TRX0036,38,5,22000,5,1.3,104500,TGL0824,CNA0426,BRCH003,KOA0104,MENU003,KTG0205,PAY0709
TRX0533,52,4,20000,10,2.8,72000,TGL0825,CNA0411,BRCH003,KOA0104,MENU008,KTG0205,PAY0712
TRX0361,36,2,28000,20,1.3,44800,TGL0825,CNA0263,BRCH001,KOA0102,MENU004,KTG0207,PAY0709
TRX0037,42,4,20000,15,2.4,68000,TGL0825,CNA0265,BRCH004,KOA0105,MENU008,KTG0205,PAY0710
TRX0787,53,2,22000,10,3,39600,TGL0825,CNA0202,BRCH004,KOA0105,MENU003,KTG0205,PAY0711
TRX0949,33,3,32000,0,3.5,96000,TGL0826,CNA0130,BRCH003,KOA0104,MENU006,KTG0206,PAY0710
TRX0668,40,5,25000,20,1.5,100000,TGL0827,CNA0132,BRCH005,KOA0106,MENU001,KTG0205,PAY0709
TRX0249,24,5,20000,0,4,100000,TGL0828,CNA0507,BRCH003,KOA0104,MENU008,KTG0205,PAY0709
TRX0945,24,5,27000,0,2.5,135000,TGL0829,CNA0708,BRCH001,KOA0102,MENU007,KTG0207,PAY0711
TRX0888,38,4,18000,15,4.8,61200,TGL0830,CNA0177,BRCH004,KOA0105,MENU009,KTG0206,PAY0711
TRX0220,48,5,20000,0,3.5,100000,TGL0831,CNA0166,BRCH003,KOA0104,MENU008,KTG0205,PAY0712
TRX0538,31,2,25000,15,1.2,42500,TGL0832,CNA0136,BRCH001,KOA0102,MENU001,KTG0205,PAY0711
TRX0713,29,4,32000,10,2.9,115200,TGL0832,CNA0157,BRCH002,KOA0103,MENU006,KTG0206,PAY0711
TRX0208,42,4,27000,0,3,108000,TGL0832,CNA0133,BRCH001,KOA0102,MENU007,KTG0207,PAY0711
TRX0938,48,2,20000,0,2.2,40000,TGL0832,CNA0174,BRCH001,KOA0102,MENU008,KTG0205,PAY0711
TRX0531,22,5,20000,0,2.8,100000,TGL0832,CNA0185,BRCH003,KOA0104,MENU008,KTG0205,PAY0710
TRX0892,51,5,18000,10,1.8,81000,TGL0833,CNA0315,BRCH005,KOA0106,MENU009,KTG0206,PAY0711
TRX0678,49,2,18000,5,2,34200,TGL0834,CNA0211,BRCH003,KOA0104,MENU009,KTG0206,PAY0711
TRX0491,48,4,32000,0,2.8,128000,TGL0834,CNA0166,BRCH004,KOA0105,MENU006,KTG0206,PAY0709
TRX0072,31,2,23000,10,1.7,41400,TGL0835,CNA0287,BRCH002,KOA0103,MENU005,KTG0206,PAY0710
TRX0517,40,4,20000,20,1.4,64000,TGL0835,CNA0204,BRCH004,KOA0105,MENU008,KTG0205,PAY0712
TRX0420,54,2,32000,15,3.6,54400,TGL0836,CNA0183,BRCH002,KOA0103,MENU006,KTG0206,PAY0711
TRX0708,44,3,18000,0,4.2,54000,TGL0836,CNA0154,BRCH004,KOA0105,MENU010,KTG0205,PAY0711
TRX0815,48,3,18000,0,3.3,54000,TGL0836,CNA0166,BRCH002,KOA0103,MENU010,KTG0205,PAY0711
TRX0233,33,3,30000,0,1.2,90000,TGL0837,CNA0130,BRCH001,KOA0102,MENU002,KTG0206,PAY0710
TRX0976,19,4,27000,5,2.2,102600,TGL0838,CNA0247,BRCH003,KOA0104,MENU007,KTG0207,PAY0709
TRX0674,22,4,28000,15,2.1,95200,TGL0838,CNA0185,BRCH004,KOA0105,MENU004,KTG0207,PAY0712
TRX0161,49,4,28000,15,1.4,95200,TGL0839,CNA0727,BRCH004,KOA0105,MENU004,KTG0207,PAY0709
TRX0310,31,3,30000,20,1,72000,TGL0840,CNA0136,BRCH003,KOA0104,MENU002,KTG0206,PAY0710
TRX0377,35,2,20000,20,1.1,32000,TGL0840,CNA0342,BRCH001,KOA0102,MENU008,KTG0205,PAY0710
TRX0506,52,5,20000,0,1.9,100000,TGL0841,CNA0215,BRCH003,KOA0104,MENU008,KTG0205,PAY0709
TRX0687,25,3,27000,15,4,68850,TGL0841,CNA0357,BRCH003,KOA0104,MENU007,KTG0207,PAY0710
TRX0202,38,1,25000,0,4.2,25000,TGL0842,CNA0177,BRCH004,KOA0105,MENU001,KTG0205,PAY0709
TRX0539,22,1,20000,0,2.8,20000,TGL0842,CNA0185,BRCH004,KOA0105,MENU008,KTG0205,PAY0709
TRX0804,46,3,25000,0,4.2,75000,TGL0843,CNA0115,BRCH002,KOA0103,MENU001,KTG0205,PAY0711
TRX0507,49,4,18000,0,1.7,72000,TGL0844,CNA0152,BRCH005,KOA0106,MENU010,KTG0205,PAY0709
TRX0464,36,3,25000,10,3,67500,TGL0845,CNA0128,BRCH005,KOA0106,MENU001,KTG0205,PAY0710
TRX0558,37,5,18000,10,4.5,81000,TGL0845,CNA0168,BRCH002,KOA0103,MENU010,KTG0205,PAY0709
TRX0385,21,3,28000,0,4.5,84000,TGL0846,CNA0284,BRCH002,KOA0103,MENU004,KTG0207,PAY0710
TRX0993,40,4,18000,5,3.1,68400,TGL0847,CNA0245,BRCH001,KOA0102,MENU010,KTG0205,PAY0712
TRX0080,23,5,27000,0,3.9,135000,TGL0848,CNA0219,BRCH004,KOA0105,MENU007,KTG0207,PAY0709
TRX0019,46,4,27000,10,3.8,97200,TGL0848,CNA0115,BRCH001,KOA0102,MENU007,KTG0207,PAY0712
TRX0216,18,2,25000,15,3,42500,TGL0848,CNA0214,BRCH002,KOA0103,MENU001,KTG0205,PAY0711
TRX0314,40,1,32000,20,2.8,25600,TGL0849,CNA0494,BRCH005,KOA0106,MENU006,KTG0206,PAY0712
TRX0393,49,1,18000,5,1.4,17100,TGL0850,CNA0152,BRCH004,KOA0105,MENU010,KTG0205,PAY0710
TRX0284,23,5,30000,0,4.5,150000,TGL0851,CNA0219,BRCH003,KOA0104,MENU002,KTG0206,PAY0712
TRX0501,49,4,28000,10,1.7,100800,TGL0851,CNA0129,BRCH004,KOA0105,MENU004,KTG0207,PAY0712
TRX0965,42,3,22000,15,3.1,56100,TGL0852,CNA0295,BRCH004,KOA0105,MENU003,KTG0205,PAY0712
TRX0496,17,5,27000,15,2.7,114750,TGL0852,CNA0748,BRCH001,KOA0102,MENU007,KTG0207,PAY0709
TRX0757,31,2,27000,0,4.4,54000,TGL0853,CNA0268,BRCH005,KOA0106,MENU007,KTG0207,PAY0709
TRX0063,54,2,18000,10,1.2,32400,TGL0854,CNA0183,BRCH001,KOA0102,MENU009,KTG0206,PAY0709
TRX0863,34,3,32000,0,4.4,96000,TGL0854,CNA0222,BRCH002,KOA0103,MENU006,KTG0206,PAY0710
TRX0480,19,5,22000,20,1.4,88000,TGL0855,CNA0247,BRCH005,KOA0106,MENU003,KTG0205,PAY0710
TRX0456,53,3,32000,20,3.6,76800,TGL0855,CNA0169,BRCH001,KOA0102,MENU006,KTG0206,PAY0709
TRX0873,19,4,22000,15,1.1,74800,TGL0856,CNA0180,BRCH003,KOA0104,MENU003,KTG0205,PAY0709
TRX0581,33,3,23000,0,1.5,69000,TGL0857,CNA0130,BRCH001,KOA0102,MENU005,KTG0206,PAY0709
TRX0700,21,5,32000,20,3,128000,TGL0858,CNA0108,BRCH001,KOA0102,MENU006,KTG0206,PAY0712
TRX0922,49,3,25000,20,3.9,60000,TGL0859,CNA0727,BRCH004,KOA0105,MENU001,KTG0205,PAY0709
TRX0997,43,1,28000,0,3.8,28000,TGL0859,CNA0140,BRCH005,KOA0106,MENU004,KTG0207,PAY0710
TRX0325,42,4,23000,20,1.1,73600,TGL0859,CNA0295,BRCH004,KOA0105,MENU005,KTG0206,PAY0712
TRX0064,48,3,25000,0,1.7,75000,TGL0860,CNA0760,BRCH005,KOA0106,MENU001,KTG0205,PAY0711
TRX0662,25,3,30000,0,3.9,90000,TGL0860,CNA0176,BRCH004,KOA0105,MENU002,KTG0206,PAY0709
TRX0433,18,3,22000,20,3.2,52800,TGL0861,CNA0323,BRCH004,KOA0105,MENU003,KTG0205,PAY0711
TRX0142,17,4,18000,20,3.1,57600,TGL0861,CNA0748,BRCH003,KOA0104,MENU009,KTG0206,PAY0711
TRX0005,29,5,32000,15,3.7,136000,TGL0862,CNA0256,BRCH003,KOA0104,MENU006,KTG0206,PAY0710
TRX0043,44,4,20000,20,1.5,64000,TGL0862,CNA0420,BRCH003,KOA0104,MENU008,KTG0205,PAY0709
TRX0646,18,5,28000,10,4.8,126000,TGL0863,CNA0292,BRCH003,KOA0104,MENU004,KTG0207,PAY0710
TRX0184,44,3,22000,0,2.6,66000,TGL0863,CNA0391,BRCH005,KOA0106,MENU003,KTG0205,PAY0710
TRX0619,41,4,18000,0,4.8,72000,TGL0863,CNA0104,BRCH004,KOA0105,MENU010,KTG0205,PAY0709
TRX0219,42,1,25000,0,2.7,25000,TGL0863,CNA0133,BRCH003,KOA0104,MENU001,KTG0205,PAY0712
TRX0903,42,1,18000,10,1.3,16200,TGL0864,CNA0348,BRCH005,KOA0106,MENU009,KTG0206,PAY0712
TRX0242,53,2,22000,10,3.6,39600,TGL0864,CNA0138,BRCH001,KOA0102,MENU003,KTG0205,PAY0710
TRX0392,28,1,30000,0,2.1,30000,TGL0865,CNA0772,BRCH004,KOA0105,MENU002,KTG0206,PAY0712
TRX0488,31,5,20000,15,4.5,85000,TGL0865,CNA0287,BRCH003,KOA0104,MENU008,KTG0205,PAY0710
TRX0970,24,4,22000,15,1.2,74800,TGL0865,CNA0162,BRCH003,KOA0104,MENU003,KTG0205,PAY0709
TRX0930,32,3,22000,0,4.7,66000,TGL0865,CNA0278,BRCH001,KOA0102,MENU003,KTG0205,PAY0711
TRX0091,21,1,18000,5,4.6,17100,TGL0866,CNA0284,BRCH004,KOA0105,MENU010,KTG0205,PAY0712
TRX0946,33,3,22000,5,1.1,62700,TGL0866,CNA0124,BRCH004,KOA0105,MENU003,KTG0205,PAY0712
TRX0129,30,1,18000,0,2.6,18000,TGL0866,CNA0674,BRCH002,KOA0103,MENU010,KTG0205,PAY0709
TRX0810,21,3,23000,0,4.7,69000,TGL0867,CNA0108,BRCH002,KOA0103,MENU005,KTG0206,PAY0711
TRX0543,48,2,18000,0,1.7,36000,TGL0868,CNA0174,BRCH001,KOA0102,MENU010,KTG0205,PAY0712
TRX0079,34,3,30000,0,1.5,90000,TGL0868,CNA0269,BRCH002,KOA0103,MENU002,KTG0206,PAY0712
TRX0326,29,4,25000,0,1.8,100000,TGL0869,CNA0301,BRCH001,KOA0102,MENU001,KTG0205,PAY0709
TRX0639,40,4,30000,5,4.9,114000,TGL0870,CNA0111,BRCH001,KOA0102,MENU002,KTG0206,PAY0710
TRX0197,33,2,25000,0,1.8,50000,TGL0871,CNA0113,BRCH005,KOA0106,MENU001,KTG0205,PAY0711
TRX0508,40,5,23000,15,4.5,97750,TGL0871,CNA0204,BRCH001,KOA0102,MENU005,KTG0206,PAY0709
TRX0122,42,5,20000,20,2.7,80000,TGL0872,CNA0195,BRCH003,KOA0104,MENU008,KTG0205,PAY0711
TRX0992,27,5,28000,5,1.6,133000,TGL0873,CNA0101,BRCH002,KOA0103,MENU004,KTG0207,PAY0711
TRX0347,42,4,32000,0,4.6,128000,TGL0874,CNA0289,BRCH002,KOA0103,MENU006,KTG0206,PAY0710
TRX0275,18,5,28000,10,2.4,126000,TGL0875,CNA0233,BRCH005,KOA0106,MENU004,KTG0207,PAY0712
TRX0364,49,5,32000,20,2.9,128000,TGL0876,CNA0211,BRCH001,KOA0102,MENU006,KTG0206,PAY0710
TRX0240,39,5,22000,10,4,99000,TGL0877,CNA0110,BRCH004,KOA0105,MENU003,KTG0205,PAY0712
TRX0099,49,2,28000,5,1.2,53200,TGL0877,CNA0143,BRCH001,KOA0102,MENU004,KTG0207,PAY0711
TRX0263,19,5,22000,0,2.1,110000,TGL0878,CNA0145,BRCH005,KOA0106,MENU003,KTG0205,PAY0710
TRX0367,40,4,18000,15,2,61200,TGL0879,CNA0272,BRCH002,KOA0103,MENU010,KTG0205,PAY0710
TRX0805,41,4,18000,0,5,72000,TGL0879,CNA0191,BRCH003,KOA0104,MENU009,KTG0206,PAY0709
TRX0994,42,1,18000,10,1.1,16200,TGL0879,CNA0133,BRCH005,KOA0106,MENU009,KTG0206,PAY0709
TRX0273,52,4,27000,10,4.4,97200,TGL0880,CNA0215,BRCH005,KOA0106,MENU007,KTG0207,PAY0712
TRX0914,49,1,22000,5,3,20900,TGL0880,CNA0211,BRCH003,KOA0104,MENU003,KTG0205,PAY0712
TRX0956,27,2,27000,5,2.9,51300,TGL0881,CNA0558,BRCH002,KOA0103,MENU007,KTG0207,PAY0712
TRX0452,22,3,28000,0,4.1,84000,TGL0881,CNA0112,BRCH004,KOA0105,MENU004,KTG0207,PAY0711
TRX0794,45,1,27000,20,4.8,21600,TGL0882,CNA0531,BRCH001,KOA0102,MENU007,KTG0207,PAY0710
TRX0683,40,3,23000,0,3.8,69000,TGL0882,CNA0381,BRCH003,KOA0104,MENU005,KTG0206,PAY0712
TRX0706,34,4,30000,0,4.8,120000,TGL0883,CNA0696,BRCH001,KOA0102,MENU002,KTG0206,PAY0709
TRX0055,43,1,18000,0,1.8,18000,TGL0883,CNA0171,BRCH003,KOA0104,MENU010,KTG0205,PAY0712
TRX0399,37,3,32000,10,4.3,86400,TGL0884,CNA0146,BRCH002,KOA0103,MENU006,KTG0206,PAY0709
TRX0635,44,2,25000,15,1,42500,TGL0885,CNA0235,BRCH003,KOA0104,MENU001,KTG0205,PAY0709
TRX0134,22,4,22000,20,3,70400,TGL0885,CNA0185,BRCH005,KOA0106,MENU003,KTG0205,PAY0709
TRX0318,24,3,25000,20,3.1,60000,TGL0885,CNA0507,BRCH003,KOA0104,MENU001,KTG0205,PAY0712
TRX0633,27,4,30000,0,3.7,120000,TGL0886,CNA0101,BRCH001,KOA0102,MENU002,KTG0206,PAY0712
TRX0401,42,3,18000,0,4.6,54000,TGL0886,CNA0144,BRCH003,KOA0104,MENU009,KTG0206,PAY0709
TRX0554,18,2,20000,15,4.2,34000,TGL0886,CNA0410,BRCH003,KOA0104,MENU008,KTG0205,PAY0711
TRX0042,42,4,22000,15,4.2,74800,TGL0887,CNA0195,BRCH001,KOA0102,MENU003,KTG0205,PAY0710
TRX0484,18,5,22000,15,3.9,93500,TGL0888,CNA0410,BRCH004,KOA0105,MENU003,KTG0205,PAY0709
TRX0732,46,4,20000,0,1.2,80000,TGL0888,CNA0115,BRCH003,KOA0104,MENU008,KTG0205,PAY0709
TRX0369,36,3,32000,0,4.2,96000,TGL0888,CNA0263,BRCH002,KOA0103,MENU006,KTG0206,PAY0709
TRX0086,31,4,18000,15,4.4,61200,TGL0889,CNA0136,BRCH005,KOA0106,MENU010,KTG0205,PAY0712
TRX0139,38,2,32000,10,5,57600,TGL0889,CNA0177,BRCH004,KOA0105,MENU006,KTG0206,PAY0711
TRX0428,45,1,25000,20,2,20000,TGL0890,CNA0325,BRCH004,KOA0105,MENU001,KTG0205,PAY0712
TRX0586,50,3,18000,0,3,54000,TGL0890,CNA0385,BRCH003,KOA0104,MENU009,KTG0206,PAY0712
TRX0761,52,1,23000,20,1.7,18400,TGL0890,CNA0350,BRCH001,KOA0102,MENU005,KTG0206,PAY0711
TRX0191,17,4,18000,15,4.8,61200,TGL0890,CNA0821,BRCH004,KOA0105,MENU009,KTG0206,PAY0709
TRX0082,48,1,23000,0,2,23000,TGL0891,CNA0271,BRCH003,KOA0104,MENU005,KTG0206,PAY0712
TRX0685,39,1,32000,0,3.8,32000,TGL0891,CNA0291,BRCH004,KOA0105,MENU006,KTG0206,PAY0709
TRX0236,30,1,25000,0,2,25000,TGL0891,CNA0106,BRCH003,KOA0104,MENU001,KTG0205,PAY0712
TRX0823,31,5,27000,20,1.9,108000,TGL0892,CNA0268,BRCH002,KOA0103,MENU007,KTG0207,PAY0711
TRX0358,36,5,22000,15,3.9,93500,TGL0892,CNA0102,BRCH004,KOA0105,MENU003,KTG0205,PAY0710
TRX0670,53,4,27000,20,1.4,86400,TGL0893,CNA0117,BRCH004,KOA0105,MENU007,KTG0207,PAY0712
TRX0487,38,5,20000,20,1.6,80000,TGL0893,CNA0167,BRCH002,KOA0103,MENU008,KTG0205,PAY0711
TRX0094,22,1,23000,0,3.9,23000,TGL0893,CNA0310,BRCH003,KOA0104,MENU005,KTG0206,PAY0709
TRX0350,33,3,20000,10,2,54000,TGL0894,CNA0124,BRCH004,KOA0105,MENU008,KTG0205,PAY0710
TRX0567,25,1,30000,0,3,30000,TGL0895,CNA0176,BRCH005,KOA0106,MENU002,KTG0206,PAY0711
TRX0228,18,3,22000,0,2.6,66000,TGL0896,CNA0170,BRCH004,KOA0105,MENU003,KTG0205,PAY0710
TRX0822,40,4,23000,0,3.7,92000,TGL0896,CNA0494,BRCH002,KOA0103,MENU005,KTG0206,PAY0709
TRX0589,35,2,18000,5,4.4,34200,TGL0897,CNA0342,BRCH003,KOA0104,MENU009,KTG0206,PAY0712
TRX0133,41,3,23000,0,3.6,69000,TGL0898,CNA0191,BRCH001,KOA0102,MENU005,KTG0206,PAY0712
TRX0296,21,5,23000,0,2.6,115000,TGL0898,CNA0284,BRCH002,KOA0103,MENU005,KTG0206,PAY0712
TRX0650,43,4,25000,0,2.3,100000,TGL0898,CNA0140,BRCH004,KOA0105,MENU001,KTG0205,PAY0709
TRX0425,23,1,27000,5,3.6,25650,TGL0899,CNA0201,BRCH004,KOA0105,MENU007,KTG0207,PAY0710
TRX0618,39,2,25000,0,4.1,50000,TGL0899,CNA0212,BRCH002,KOA0103,MENU001,KTG0205,PAY0711
TRX0784,27,4,27000,0,4.4,108000,TGL0899,CNA0646,BRCH003,KOA0104,MENU007,KTG0207,PAY0712
TRX0626,40,2,23000,0,3.6,46000,TGL0899,CNA0494,BRCH001,KOA0102,MENU005,KTG0206,PAY0712
TRX0906,19,2,18000,0,4,36000,TGL0900,CNA0145,BRCH003,KOA0104,MENU010,KTG0205,PAY0710
TRX0382,20,2,23000,5,4.5,43700,TGL0901,CNA0151,BRCH005,KOA0106,MENU005,KTG0206,PAY0710
TRX0419,31,4,28000,10,3.8,100800,TGL0902,CNA0319,BRCH003,KOA0104,MENU004,KTG0207,PAY0711
TRX0722,43,4,18000,10,3.3,64800,TGL0902,CNA0344,BRCH005,KOA0106,MENU009,KTG0206,PAY0711
TRX0584,42,3,18000,0,4.9,54000,TGL0903,CNA0348,BRCH004,KOA0105,MENU010,KTG0205,PAY0709
TRX0898,51,4,20000,0,4.9,80000,TGL0904,CNA0847,BRCH004,KOA0105,MENU008,KTG0205,PAY0711
TRX0648,44,2,18000,15,2.8,30600,TGL0904,CNA0103,BRCH001,KOA0102,MENU009,KTG0206,PAY0709
TRX0131,44,3,20000,15,4.4,51000,TGL0905,CNA0420,BRCH002,KOA0103,MENU008,KTG0205,PAY0712
TRX0449,35,2,30000,0,4.8,60000,TGL0906,CNA0173,BRCH002,KOA0103,MENU002,KTG0206,PAY0711
TRX0545,54,1,27000,0,3.5,27000,TGL0907,CNA0183,BRCH001,KOA0102,MENU007,KTG0207,PAY0712
TRX0693,42,4,28000,15,3.4,95200,TGL0908,CNA0133,BRCH001,KOA0102,MENU004,KTG0207,PAY0711
TRX0247,32,5,18000,20,2,72000,TGL0909,CNA0853,BRCH003,KOA0104,MENU010,KTG0205,PAY0712
TRX0556,17,4,25000,20,4.3,80000,TGL0910,CNA0205,BRCH004,KOA0105,MENU001,KTG0205,PAY0712
TRX0592,31,2,20000,0,2.9,40000,TGL0910,CNA0317,BRCH001,KOA0102,MENU008,KTG0205,PAY0711
TRX0458,50,4,30000,10,2.6,108000,TGL0911,CNA0856,BRCH004,KOA0105,MENU002,KTG0206,PAY0709
TRX0083,24,3,20000,20,4.1,48000,TGL0911,CNA0184,BRCH001,KOA0102,MENU008,KTG0205,PAY0710
TRX0760,49,4,18000,15,1.9,61200,TGL0911,CNA0187,BRCH005,KOA0106,MENU009,KTG0206,PAY0709
TRX0288,17,5,25000,20,1.1,100000,TGL0912,CNA0205,BRCH001,KOA0102,MENU001,KTG0205,PAY0711
TRX0696,32,1,20000,20,1.3,16000,TGL0912,CNA0390,BRCH005,KOA0106,MENU008,KTG0205,PAY0709
TRX0814,24,5,22000,20,1.2,88000,TGL0913,CNA0708,BRCH002,KOA0103,MENU003,KTG0205,PAY0711
TRX0730,24,3,32000,0,4.9,96000,TGL0913,CNA0162,BRCH001,KOA0102,MENU006,KTG0206,PAY0709
TRX0748,19,4,32000,0,4.3,128000,TGL0913,CNA0402,BRCH002,KOA0103,MENU006,KTG0206,PAY0709
TRX0848,50,5,18000,0,4.1,90000,TGL0913,CNA0207,BRCH004,KOA0105,MENU010,KTG0205,PAY0709
TRX0513,44,5,28000,10,4.9,126000,TGL0914,CNA0420,BRCH005,KOA0106,MENU004,KTG0207,PAY0712
TRX0222,50,2,20000,0,3.5,40000,TGL0914,CNA0207,BRCH001,KOA0102,MENU008,KTG0205,PAY0712
TRX0002,49,3,18000,0,4.8,54000,TGL0914,CNA0312,BRCH005,KOA0106,MENU010,KTG0205,PAY0710
TRX0667,43,4,18000,15,2.6,61200,TGL0915,CNA0171,BRCH002,KOA0103,MENU010,KTG0205,PAY0710
TRX0803,45,2,20000,0,2.3,40000,TGL0915,CNA0109,BRCH005,KOA0106,MENU008,KTG0205,PAY0711
TRX0256,19,3,20000,5,4.5,57000,TGL0916,CNA0180,BRCH004,KOA0105,MENU008,KTG0205,PAY0710
TRX0407,18,1,22000,20,4.2,17600,TGL0916,CNA0233,BRCH002,KOA0103,MENU003,KTG0205,PAY0712
TRX0457,53,2,22000,5,4.1,41800,TGL0917,CNA0186,BRCH002,KOA0103,MENU003,KTG0205,PAY0711
TRX0725,51,1,28000,5,3,26600,TGL0918,CNA0200,BRCH003,KOA0104,MENU004,KTG0207,PAY0712
TRX0195,54,2,25000,15,2.8,42500,TGL0919,CNA0183,BRCH002,KOA0103,MENU001,KTG0205,PAY0710
TRX0934,48,3,32000,5,1.6,91200,TGL0920,CNA0127,BRCH001,KOA0102,MENU006,KTG0206,PAY0710
TRX0071,21,2,27000,20,3.9,43200,TGL0921,CNA0208,BRCH003,KOA0104,MENU007,KTG0207,PAY0712
TRX0547,51,5,20000,20,4.6,80000,TGL0921,CNA0114,BRCH005,KOA0106,MENU008,KTG0205,PAY0709
TRX0317,24,4,18000,10,3.8,64800,TGL0922,CNA0184,BRCH005,KOA0106,MENU010,KTG0205,PAY0709
TRX0327,17,3,32000,20,2.7,76800,TGL0923,CNA0748,BRCH001,KOA0102,MENU006,KTG0206,PAY0710
TRX0493,50,3,22000,20,5,52800,TGL0923,CNA0385,BRCH003,KOA0104,MENU003,KTG0205,PAY0711
TRX0113,41,3,27000,5,4.4,76950,TGL0924,CNA0641,BRCH003,KOA0104,MENU007,KTG0207,PAY0710
TRX0430,23,4,28000,10,3.9,100800,TGL0924,CNA0219,BRCH001,KOA0102,MENU004,KTG0207,PAY0710
TRX0885,17,2,20000,0,2.4,40000,TGL0925,CNA0227,BRCH002,KOA0103,MENU008,KTG0205,PAY0710
TRX0330,19,5,18000,5,2.2,85500,TGL0926,CNA0107,BRCH004,KOA0105,MENU010,KTG0205,PAY0712
TRX0114,26,1,18000,15,1.5,15300,TGL0927,CNA0885,BRCH005,KOA0106,MENU010,KTG0205,PAY0710
TRX0155,51,4,20000,0,3.2,80000,TGL0927,CNA0847,BRCH001,KOA0102,MENU008,KTG0205,PAY0710
TRX0014,36,4,30000,10,1.6,108000,TGL0928,CNA0102,BRCH005,KOA0106,MENU002,KTG0206,PAY0710
TRX0165,19,1,18000,10,3.1,16200,TGL0928,CNA0145,BRCH005,KOA0106,MENU010,KTG0205,PAY0711
TRX0764,18,3,28000,15,1.9,71400,TGL0928,CNA0292,BRCH001,KOA0102,MENU004,KTG0207,PAY0712
TRX0605,20,1,27000,20,3.1,21600,TGL0929,CNA0192,BRCH002,KOA0103,MENU007,KTG0207,PAY0709
TRX0775,48,1,20000,20,1.7,16000,TGL0930,CNA0164,BRCH002,KOA0103,MENU008,KTG0205,PAY0710
TRX0707,40,4,30000,10,1.8,108000,TGL0930,CNA0468,BRCH005,KOA0106,MENU002,KTG0206,PAY0709
TRX0150,50,4,18000,10,1.7,64800,TGL0931,CNA0207,BRCH001,KOA0102,MENU010,KTG0205,PAY0712
TRX0896,43,2,18000,0,4.5,36000,TGL0931,CNA0140,BRCH003,KOA0104,MENU009,KTG0206,PAY0712
TRX0789,26,3,25000,20,1.3,60000,TGL0931,CNA0885,BRCH004,KOA0105,MENU001,KTG0205,PAY0712
TRX0252,53,2,18000,0,2.5,36000,TGL0932,CNA0202,BRCH003,KOA0104,MENU010,KTG0205,PAY0710
TRX0529,22,4,27000,10,3.2,97200,TGL0933,CNA0112,BRCH002,KOA0103,MENU007,KTG0207,PAY0710
TRX0800,49,4,18000,0,1,72000,TGL0934,CNA0224,BRCH003,KOA0104,MENU010,KTG0205,PAY0712
TRX0981,17,5,18000,0,4.9,90000,TGL0934,CNA0232,BRCH002,KOA0103,MENU010,KTG0205,PAY0711
TRX0653,31,4,30000,0,1.1,120000,TGL0935,CNA0136,BRCH001,KOA0102,MENU002,KTG0206,PAY0710
TRX0052,25,1,18000,20,2.2,14400,TGL0935,CNA0280,BRCH005,KOA0106,MENU010,KTG0205,PAY0710
TRX0203,22,2,18000,0,2.3,36000,TGL0936,CNA0185,BRCH003,KOA0104,MENU009,KTG0206,PAY0710
TRX0752,35,3,23000,0,3.1,69000,TGL0936,CNA0173,BRCH003,KOA0104,MENU005,KTG0206,PAY0712
TRX0682,46,4,22000,0,4.6,88000,TGL0937,CNA0904,BRCH002,KOA0103,MENU003,KTG0205,PAY0709
TRX0034,53,3,25000,5,1.8,71250,TGL0938,CNA0202,BRCH001,KOA0102,MENU001,KTG0205,PAY0709
TRX0759,37,5,22000,0,1.3,110000,TGL0939,CNA0146,BRCH001,KOA0102,MENU003,KTG0205,PAY0710
TRX0344,49,4,22000,0,4.7,88000,TGL0939,CNA0187,BRCH003,KOA0104,MENU003,KTG0205,PAY0712
TRX0952,48,2,18000,20,2.2,28800,TGL0940,CNA0164,BRCH003,KOA0104,MENU009,KTG0206,PAY0709
TRX0461,53,4,30000,20,2.5,96000,TGL0941,CNA0169,BRCH004,KOA0105,MENU002,KTG0206,PAY0712
TRX0666,48,5,18000,0,4.8,90000,TGL0942,CNA0127,BRCH003,KOA0104,MENU010,KTG0205,PAY0711
TRX0301,39,5,20000,10,1.7,90000,TGL0943,CNA0212,BRCH002,KOA0103,MENU008,KTG0205,PAY0709
TRX0743,18,5,25000,5,3.7,118750,TGL0943,CNA0410,BRCH005,KOA0106,MENU001,KTG0205,PAY0711
TRX0821,48,3,32000,20,2.7,76800,TGL0944,CNA0164,BRCH005,KOA0106,MENU006,KTG0206,PAY0709
TRX0777,52,4,20000,0,2.9,80000,TGL0945,CNA0513,BRCH005,KOA0106,MENU008,KTG0205,PAY0709
TRX0196,18,2,22000,0,4.4,44000,TGL0945,CNA0292,BRCH004,KOA0105,MENU003,KTG0205,PAY0711
TRX0899,30,3,32000,0,2.5,96000,TGL0946,CNA0262,BRCH004,KOA0105,MENU006,KTG0206,PAY0710
TRX0268,17,2,27000,0,4.2,54000,TGL0946,CNA0159,BRCH003,KOA0104,MENU007,KTG0207,PAY0712
TRX0869,20,3,22000,10,2,59400,TGL0947,CNA0151,BRCH003,KOA0104,MENU003,KTG0205,PAY0709
TRX0582,18,2,25000,0,2.5,50000,TGL0947,CNA0223,BRCH005,KOA0106,MENU001,KTG0205,PAY0711
TRX0984,43,1,28000,20,4,22400,TGL0947,CNA0171,BRCH003,KOA0104,MENU004,KTG0207,PAY0709
TRX0181,40,4,30000,0,4.4,120000,TGL0947,CNA0468,BRCH003,KOA0104,MENU002,KTG0206,PAY0710
TRX0267,35,1,28000,5,1.5,26600,TGL0948,CNA0654,BRCH002,KOA0103,MENU004,KTG0207,PAY0710
TRX0750,39,5,18000,0,3.3,90000,TGL0949,CNA0244,BRCH004,KOA0105,MENU010,KTG0205,PAY0710
TRX0705,38,1,32000,0,1.1,32000,TGL0949,CNA0177,BRCH001,KOA0102,MENU006,KTG0206,PAY0711
TRX0260,35,2,25000,20,2.4,40000,TGL0950,CNA0173,BRCH003,KOA0104,MENU001,KTG0205,PAY0709
TRX0689,43,4,22000,20,1.3,70400,TGL0950,CNA0252,BRCH002,KOA0103,MENU003,KTG0205,PAY0710
TRX0102,40,1,32000,0,1.3,32000,TGL0950,CNA0242,BRCH004,KOA0105,MENU006,KTG0206,PAY0712
TRX0234,53,2,18000,5,2.4,34200,TGL0951,CNA0169,BRCH004,KOA0105,MENU009,KTG0206,PAY0709
TRX0983,53,3,23000,15,3,58650,TGL0952,CNA0138,BRCH004,KOA0105,MENU005,KTG0206,PAY0712
TRX0077,38,2,22000,10,2.6,39600,TGL0952,CNA0177,BRCH002,KOA0103,MENU003,KTG0205,PAY0709
TRX0481,25,4,23000,0,3.9,92000,TGL0953,CNA0217,BRCH005,KOA0106,MENU005,KTG0206,PAY0711
TRX0009,32,3,27000,0,1.2,81000,TGL0954,CNA0390,BRCH004,KOA0105,MENU007,KTG0207,PAY0709
TRX0223,42,5,20000,20,4.7,80000,TGL0955,CNA0144,BRCH003,KOA0104,MENU008,KTG0205,PAY0712
TRX0308,43,2,30000,0,2.5,60000,TGL0955,CNA0344,BRCH004,KOA0105,MENU002,KTG0206,PAY0711
TRX0162,44,1,25000,0,4,25000,TGL0956,CNA0420,BRCH002,KOA0103,MENU001,KTG0205,PAY0712
TRX0669,25,3,27000,0,3.1,81000,TGL0956,CNA0280,BRCH003,KOA0104,MENU007,KTG0207,PAY0712
TRX0878,41,4,23000,0,1.7,92000,TGL0956,CNA0104,BRCH005,KOA0106,MENU005,KTG0206,PAY0712
TRX0250,48,1,23000,0,1.9,23000,TGL0956,CNA0271,BRCH001,KOA0102,MENU005,KTG0206,PAY0712
TRX0746,45,1,22000,20,2.9,17600,TGL0956,CNA0131,BRCH003,KOA0104,MENU003,KTG0205,PAY0710
TRX0858,40,2,22000,20,1.5,35200,TGL0957,CNA0381,BRCH003,KOA0104,MENU003,KTG0205,PAY0710
TRX0861,33,3,18000,20,2,43200,TGL0957,CNA0130,BRCH003,KOA0104,MENU009,KTG0206,PAY0712
TRX0795,53,5,22000,15,2,93500,TGL0957,CNA0105,BRCH005,KOA0106,MENU003,KTG0205,PAY0710
TRX0783,48,5,20000,20,1.9,80000,TGL0957,CNA0760,BRCH003,KOA0104,MENU008,KTG0205,PAY0711
TRX0271,24,4,25000,0,2.2,100000,TGL0958,CNA0374,BRCH005,KOA0106,MENU001,KTG0205,PAY0711
TRX0166,47,4,22000,0,4.4,88000,TGL0959,CNA0240,BRCH003,KOA0104,MENU003,KTG0205,PAY0709
TRX0881,25,2,20000,15,4.8,34000,TGL0960,CNA0497,BRCH004,KOA0105,MENU008,KTG0205,PAY0709
TRX0664,51,3,23000,20,1.8,55200,TGL0961,CNA0139,BRCH003,KOA0104,MENU005,KTG0206,PAY0709
TRX0807,47,5,25000,20,2.8,100000,TGL0961,CNA0240,BRCH001,KOA0102,MENU001,KTG0205,PAY0711
TRX0860,25,5,18000,15,2.2,76500,TGL0961,CNA0497,BRCH004,KOA0105,MENU010,KTG0205,PAY0711
TRX0631,25,3,18000,20,1.2,43200,TGL0961,CNA0121,BRCH003,KOA0104,MENU009,KTG0206,PAY0710
TRX0525,27,4,22000,0,2,88000,TGL0962,CNA0318,BRCH003,KOA0104,MENU003,KTG0205,PAY0711
TRX0013,52,2,32000,20,2.6,51200,TGL0962,CNA0277,BRCH005,KOA0106,MENU006,KTG0206,PAY0709
TRX0684,18,3,27000,0,2.1,81000,TGL0962,CNA0155,BRCH004,KOA0105,MENU007,KTG0207,PAY0709
TRX0610,22,4,20000,0,3.4,80000,TGL0963,CNA0203,BRCH004,KOA0105,MENU008,KTG0205,PAY0712
TRX0035,47,5,32000,0,4.4,160000,TGL0963,CNA0240,BRCH005,KOA0106,MENU006,KTG0206,PAY0710
TRX0274,48,1,27000,20,3,21600,TGL0964,CNA0127,BRCH001,KOA0102,MENU007,KTG0207,PAY0712
TRX0117,53,5,23000,0,2.5,115000,TGL0964,CNA0105,BRCH001,KOA0102,MENU005,KTG0206,PAY0709
TRX0841,53,5,20000,20,4.6,80000,TGL0965,CNA0117,BRCH005,KOA0106,MENU008,KTG0205,PAY0710
TRX0033,53,1,20000,5,3.3,19000,TGL0966,CNA0138,BRCH004,KOA0105,MENU008,KTG0205,PAY0711
TRX0928,24,1,27000,5,3,25650,TGL0967,CNA0507,BRCH004,KOA0105,MENU007,KTG0207,PAY0709
TRX0638,38,5,23000,0,4.9,115000,TGL0968,CNA0167,BRCH001,KOA0102,MENU005,KTG0206,PAY0709
TRX0356,33,3,22000,15,2.6,56100,TGL0969,CNA0124,BRCH004,KOA0105,MENU003,KTG0205,PAY0710
TRX0190,48,3,20000,10,3.8,54000,TGL0969,CNA0175,BRCH005,KOA0106,MENU008,KTG0205,PAY0711
TRX0577,44,4,27000,10,3.5,97200,TGL0969,CNA0120,BRCH002,KOA0103,MENU007,KTG0207,PAY0712
TRX0338,40,5,28000,20,3,112000,TGL0969,CNA0381,BRCH002,KOA0103,MENU004,KTG0207,PAY0711
TRX0824,22,5,18000,0,1.3,90000,TGL0970,CNA0203,BRCH002,KOA0103,MENU009,KTG0206,PAY0710
TRX0175,24,2,27000,10,1.6,48600,TGL0971,CNA0184,BRCH005,KOA0106,MENU007,KTG0207,PAY0712
TRX0786,18,4,27000,10,2.8,97200,TGL0972,CNA0155,BRCH004,KOA0105,MENU007,KTG0207,PAY0709
TRX0389,42,1,27000,20,1.2,21600,TGL0973,CNA0144,BRCH002,KOA0103,MENU007,KTG0207,PAY0712
TRX0193,22,5,22000,10,2.8,99000,TGL0973,CNA0118,BRCH004,KOA0105,MENU003,KTG0205,PAY0711
TRX0615,45,2,18000,0,4.3,36000,TGL0974,CNA0131,BRCH004,KOA0105,MENU009,KTG0206,PAY0712
TRX0120,30,2,27000,15,4.2,45900,TGL0974,CNA0262,BRCH003,KOA0104,MENU007,KTG0207,PAY0710
TRX0907,32,5,22000,15,1.1,93500,TGL0975,CNA0853,BRCH004,KOA0105,MENU003,KTG0205,PAY0711
TRX0001,31,4,32000,0,2.2,128000,TGL0975,CNA0268,BRCH002,KOA0103,MENU006,KTG0206,PAY0712
TRX0060,44,3,30000,20,4.2,72000,TGL0975,CNA0120,BRCH004,KOA0105,MENU002,KTG0206,PAY0710
TRX0004,31,5,30000,0,3.5,150000,TGL0976,CNA0976,BRCH003,KOA0104,MENU002,KTG0206,PAY0711
TRX0188,47,3,22000,0,2.5,66000,TGL0976,CNA0240,BRCH005,KOA0106,MENU003,KTG0205,PAY0710
TRX0742,51,3,27000,10,3.2,72900,TGL0977,CNA0114,BRCH004,KOA0105,MENU007,KTG0207,PAY0710
TRX0964,40,3,32000,15,1.9,81600,TGL0978,CNA0204,BRCH005,KOA0106,MENU006,KTG0206,PAY0711
TRX0961,44,2,18000,15,3,30600,TGL0979,CNA0420,BRCH001,KOA0102,MENU010,KTG0205,PAY0712
TRX0587,53,4,20000,0,3.3,80000,TGL0980,CNA0105,BRCH002,KOA0103,MENU008,KTG0205,PAY0711
TRX0490,33,3,30000,20,5,72000,TGL0980,CNA0149,BRCH004,KOA0105,MENU002,KTG0206,PAY0710
TRX0716,19,2,20000,0,4.9,40000,TGL0980,CNA0188,BRCH001,KOA0102,MENU008,KTG0205,PAY0709
TRX0703,53,3,20000,5,1.1,57000,TGL0981,CNA0186,BRCH001,KOA0102,MENU008,KTG0205,PAY0710
TRX0799,25,4,30000,20,2.1,96000,TGL0981,CNA0280,BRCH002,KOA0103,MENU002,KTG0206,PAY0712
TRX0445,40,3,18000,15,4.3,45900,TGL0982,CNA0132,BRCH005,KOA0106,MENU009,KTG0206,PAY0711
TRX0832,27,1,30000,0,1.9,30000,TGL0982,CNA0558,BRCH001,KOA0102,MENU002,KTG0206,PAY0711
TRX0363,30,2,27000,5,4.5,51300,TGL0982,CNA0106,BRCH001,KOA0102,MENU007,KTG0207,PAY0709
TRX0738,31,3,32000,5,4.8,91200,TGL0983,CNA0123,BRCH004,KOA0105,MENU006,KTG0206,PAY0712
TRX0018,19,3,28000,15,3,71400,TGL0984,CNA0537,BRCH005,KOA0106,MENU004,KTG0207,PAY0710
TRX0352,43,1,32000,15,4.3,27200,TGL0985,CNA0171,BRCH004,KOA0105,MENU006,KTG0206,PAY0709
TRX0387,25,3,32000,10,1.2,86400,TGL0985,CNA0497,BRCH003,KOA0104,MENU006,KTG0206,PAY0711
TRX0728,22,3,30000,0,1.7,90000,TGL0986,CNA0203,BRCH003,KOA0104,MENU002,KTG0206,PAY0710
TRX0141,37,3,18000,0,3.3,54000,TGL0986,CNA0234,BRCH003,KOA0104,MENU010,KTG0205,PAY0712
TRX0172,52,4,23000,0,1.1,92000,TGL0987,CNA0350,BRCH005,KOA0106,MENU005,KTG0206,PAY0712
TRX0207,27,1,18000,10,1.1,16200,TGL0987,CNA0274,BRCH004,KOA0105,MENU010,KTG0205,PAY0712
TRX0432,39,2,25000,10,3.4,45000,TGL0987,CNA0670,BRCH005,KOA0106,MENU001,KTG0205,PAY0709
TRX0368,26,2,32000,0,2.4,64000,TGL0988,CNA0885,BRCH004,KOA0105,MENU006,KTG0206,PAY0710
TRX0179,46,1,30000,0,2.1,30000,TGL0988,CNA0904,BRCH003,KOA0104,MENU002,KTG0206,PAY0710
TRX0343,35,4,18000,0,1.2,72000,TGL0989,CNA0119,BRCH005,KOA0106,MENU010,KTG0205,PAY0711
TRX0232,18,3,25000,0,4.7,75000,TGL0990,CNA0233,BRCH002,KOA0103,MENU001,KTG0205,PAY0709
TRX0418,28,1,28000,0,1.3,28000,TGL0990,CNA0772,BRCH004,KOA0105,MENU004,KTG0207,PAY0710
TRX0025,44,2,30000,5,3,57000,TGL0990,CNA0391,BRCH005,KOA0106,MENU002,KTG0206,PAY0712
TRX0178,21,2,20000,5,3.9,38000,TGL0990,CNA0208,BRCH005,KOA0106,MENU008,KTG0205,PAY0711
TRX0081,41,5,30000,0,4.3,150000,TGL0990,CNA0560,BRCH005,KOA0106,MENU002,KTG0206,PAY0712
TRX0845,27,1,22000,0,1.6,22000,TGL0991,CNA0646,BRCH003,KOA0104,MENU003,KTG0205,PAY0710
TRX0391,36,4,25000,0,1.2,100000,TGL0991,CNA0511,BRCH001,KOA0102,MENU001,KTG0205,PAY0709
TRX0887,42,4,18000,0,3.8,72000,TGL0992,CNA0295,BRCH004,KOA0105,MENU010,KTG0205,PAY0710
TRX0919,51,5,20000,10,4.6,90000,TGL0993,CNA0315,BRCH005,KOA0106,MENU008,KTG0205,PAY0712
TRX0679,38,5,25000,15,4.4,106250,TGL0993,CNA1010,BRCH002,KOA0103,MENU001,KTG0205,PAY0709
TRX0119,19,5,32000,10,2.9,144000,TGL0994,CNA0180,BRCH003,KOA0104,MENU006,KTG0206,PAY0709
TRX0563,24,4,28000,10,5,100800,TGL0994,CNA0199,BRCH005,KOA0106,MENU004,KTG0207,PAY0710
TRX0291,39,5,18000,20,1.9,72000,TGL0994,CNA0670,BRCH003,KOA0104,MENU010,KTG0205,PAY0712
TRX0910,19,1,28000,20,2,22400,TGL0995,CNA0145,BRCH005,KOA0106,MENU004,KTG0207,PAY0711
TRX0690,53,3,22000,0,3.1,66000,TGL0995,CNA0105,BRCH003,KOA0104,MENU003,KTG0205,PAY0712
TRX0290,49,1,20000,0,4.5,20000,TGL0995,CNA0211,BRCH002,KOA0103,MENU008,KTG0205,PAY0711
TRX0243,48,5,28000,0,2.1,140000,TGL0995,CNA0174,BRCH004,KOA0105,MENU004,KTG0207,PAY0711
TRX0791,25,5,28000,0,1.4,140000,TGL0996,CNA0121,BRCH005,KOA0106,MENU004,KTG0207,PAY0710
TRX0148,23,2,32000,20,1.8,51200,TGL0996,CNA0230,BRCH005,KOA0106,MENU006,KTG0206,PAY0712
TRX0625,17,1,32000,15,4.9,27200,TGL0997,CNA0205,BRCH001,KOA0102,MENU006,KTG0206,PAY0712
TRX0895,24,2,18000,10,1.6,32400,TGL0997,CNA0199,BRCH003,KOA0104,MENU009,KTG0206,PAY0709
TRX0920,40,4,22000,20,1,70400,TGL0997,CNA0242,BRCH003,KOA0104,MENU003,KTG0205,PAY0709
TRX0573,27,5,28000,15,1.5,119000,TGL0998,CNA0333,BRCH002,KOA0103,MENU004,KTG0207,PAY0709
TRX0438,35,5,18000,0,4.6,90000,TGL0999,CNA0654,BRCH004,KOA0105,MENU010,KTG0205,PAY0710
TRX0808,41,2,30000,20,1.4,48000,TGL1000,CNA0641,BRCH003,KOA0104,MENU002,KTG0206,PAY0711
TRX0067,40,1,28000,20,4.6,22400,TGL1001,CNA0381,BRCH002,KOA0103,MENU004,KTG0207,PAY0711
TRX0942,25,2,23000,0,4.7,46000,TGL1001,CNA0280,BRCH002,KOA0103,MENU005,KTG0206,PAY0709
TRX0177,32,2,28000,10,1.8,50400,TGL1001,CNA0278,BRCH005,KOA0106,MENU004,KTG0207,PAY0710
TRX0575,21,2,28000,0,3.6,56000,TGL1002,CNA0108,BRCH004,KOA0105,MENU004,KTG0207,PAY0709
TRX0409,24,1,32000,15,3.8,27200,TGL1002,CNA0199,BRCH003,KOA0104,MENU006,KTG0206,PAY0711
TRX0032,33,4,28000,0,3.2,112000,TGL1003,CNA0149,BRCH002,KOA0103,MENU004,KTG0207,PAY0709
TRX1000,36,4,23000,15,4.3,78200,TGL1003,CNA0511,BRCH001,KOA0102,MENU005,KTG0206,PAY0712
TRX0734,41,5,28000,20,2.8,112000,TGL1003,CNA0641,BRCH004,KOA0105,MENU004,KTG0207,PAY0712
TRX0516,18,4,20000,15,1.2,68000,TGL1004,CNA0170,BRCH001,KOA0102,MENU008,KTG0205,PAY0712
TRX0245,51,5,22000,0,3,110000,TGL1005,CNA0114,BRCH002,KOA0103,MENU003,KTG0205,PAY0711
TRX0443,54,2,23000,0,1.9,46000,TGL1006,CNA0183,BRCH001,KOA0102,MENU005,KTG0206,PAY0712
TRX0282,17,1,18000,10,4,16200,TGL1006,CNA0227,BRCH001,KOA0102,MENU010,KTG0205,PAY0712
TRX0416,38,5,18000,15,3.1,76500,TGL1006,CNA0299,BRCH005,KOA0106,MENU009,KTG0206,PAY0711
TRX0494,28,5,30000,20,2.4,120000,TGL1007,CNA0297,BRCH002,KOA0103,MENU002,KTG0206,PAY0710
TRX0960,19,3,25000,15,1.4,63750,TGL1008,CNA0145,BRCH001,KOA0102,MENU001,KTG0205,PAY0710
TRX0050,30,4,22000,15,4.7,74800,TGL1009,CNA0262,BRCH003,KOA0104,MENU003,KTG0205,PAY0710
TRX0130,23,5,32000,0,3.5,160000,TGL1010,CNA0239,BRCH004,KOA0105,MENU006,KTG0206,PAY0710
TRX0159,20,3,25000,5,4,71250,TGL1010,CNA0236,BRCH004,KOA0105,MENU001,KTG0205,PAY0709
TRX0583,27,3,22000,20,4.3,52800,TGL1010,CNA0558,BRCH004,KOA0105,MENU003,KTG0205,PAY0711
TRX0862,35,5,32000,0,3.5,160000,TGL1011,CNA0654,BRCH001,KOA0102,MENU006,KTG0206,PAY0712
TRX0408,33,2,18000,0,2.4,36000,TGL1012,CNA0113,BRCH004,KOA0105,MENU010,KTG0205,PAY0709
TRX0504,45,2,20000,0,5,40000,TGL1012,CNA0109,BRCH001,KOA0102,MENU008,KTG0205,PAY0710
TRX0837,49,1,18000,0,2.6,18000,TGL1012,CNA0312,BRCH003,KOA0104,MENU009,KTG0206,PAY0709
TRX0136,22,1,27000,0,4.5,27000,TGL1012,CNA0203,BRCH003,KOA0104,MENU007,KTG0207,PAY0711
TRX0116,30,2,25000,5,4.3,47500,TGL1013,CNA0255,BRCH004,KOA0105,MENU001,KTG0205,PAY0712
TRX0062,20,3,18000,20,2.9,43200,TGL1014,CNA0122,BRCH005,KOA0106,MENU009,KTG0206,PAY0709
TRX0286,37,1,28000,0,2.7,28000,TGL1015,CNA0434,BRCH003,KOA0104,MENU004,KTG0207,PAY0712
TRX0479,53,4,20000,5,4.5,76000,TGL1015,CNA0169,BRCH001,KOA0102,MENU008,KTG0205,PAY0712
TRX0926,20,5,23000,0,2,115000,TGL1015,CNA0192,BRCH003,KOA0104,MENU005,KTG0206,PAY0712
TRX0244,53,5,18000,15,3.4,76500,TGL1016,CNA0148,BRCH003,KOA0104,MENU009,KTG0206,PAY0709
TRX0735,49,4,32000,5,2,121600,TGL1016,CNA0152,BRCH001,KOA0102,MENU006,KTG0206,PAY0709
TRX0785,48,1,25000,0,5,25000,TGL1017,CNA0760,BRCH004,KOA0105,MENU001,KTG0205,PAY0712
TRX0248,54,5,20000,20,2.2,80000,TGL1017,CNA0134,BRCH002,KOA0103,MENU008,KTG0205,PAY0710
TRX0158,33,4,25000,0,2.3,100000,TGL1018,CNA0149,BRCH003,KOA0104,MENU001,KTG0205,PAY0711
TRX0671,26,1,25000,5,1.8,23750,TGL1018,CNA0885,BRCH005,KOA0106,MENU001,KTG0205,PAY0709
TRX0612,30,3,20000,10,1.4,54000,TGL1018,CNA0674,BRCH002,KOA0103,MENU008,KTG0205,PAY0712
TRX0333,45,3,32000,10,3.4,86400,TGL1019,CNA0131,BRCH003,KOA0104,MENU006,KTG0206,PAY0709
TRX0295,23,3,20000,10,2.2,54000,TGL1020,CNA0230,BRCH005,KOA0106,MENU008,KTG0205,PAY0709
TRX0569,30,3,28000,0,3.7,84000,TGL1021,CNA0126,BRCH004,KOA0105,MENU004,KTG0207,PAY0710
TRX0829,48,5,23000,15,1.2,97750,TGL1021,CNA0166,BRCH001,KOA0102,MENU005,KTG0206,PAY0709
TRX0210,40,4,22000,0,3.5,88000,TGL1022,CNA0204,BRCH001,KOA0102,MENU003,KTG0205,PAY0710
TRX0149,52,5,23000,0,2.1,115000,TGL1023,CNA0513,BRCH005,KOA0106,MENU005,KTG0206,PAY0709
TRX0446,24,3,28000,20,1.6,67200,TGL1023,CNA0184,BRCH004,KOA0105,MENU004,KTG0207,PAY0709
TRX0627,50,4,28000,0,4.3,112000,TGL1024,CNA0385,BRCH004,KOA0105,MENU004,KTG0207,PAY0711
TRX0305,52,2,18000,10,1.8,32400,TGL1024,CNA0277,BRCH001,KOA0102,MENU009,KTG0206,PAY0712
TRX0104,31,1,22000,0,3.7,22000,TGL1025,CNA0319,BRCH002,KOA0103,MENU003,KTG0205,PAY0710
TRX0932,20,3,20000,0,4.6,60000,TGL1026,CNA0151,BRCH002,KOA0103,MENU008,KTG0205,PAY0711
TRX0201,30,1,18000,0,4.4,18000,TGL1027,CNA0126,BRCH003,KOA0104,MENU009,KTG0206,PAY0712
TRX0451,53,5,18000,0,1,90000,TGL1027,CNA0202,BRCH002,KOA0103,MENU010,KTG0205,PAY0711
TRX0534,22,5,23000,5,2.2,109250,TGL1027,CNA0203,BRCH005,KOA0106,MENU005,KTG0206,PAY0712
TRX0047,40,2,25000,10,4,45000,TGL1028,CNA0111,BRCH002,KOA0103,MENU001,KTG0205,PAY0709
TRX0463,34,2,23000,0,1,46000,TGL1029,CNA0222,BRCH004,KOA0105,MENU005,KTG0206,PAY0711
TRX0489,19,5,20000,0,4.5,100000,TGL1029,CNA0537,BRCH002,KOA0103,MENU008,KTG0205,PAY0709
TRX0913,31,5,28000,0,3.8,140000,TGL1030,CNA0123,BRCH005,KOA0106,MENU004,KTG0207,PAY0712
TRX0681,51,3,25000,0,3.7,75000,TGL1030,CNA0172,BRCH005,KOA0106,MENU001,KTG0205,PAY0711
TRX0850,48,2,23000,0,2.2,46000,TGL1031,CNA0164,BRCH002,KOA0103,MENU005,KTG0206,PAY0712
TRX0641,24,4,32000,0,4.5,128000,TGL1032,CNA0507,BRCH001,KOA0102,MENU006,KTG0206,PAY0709
TRX0381,47,5,30000,5,1.9,142500,TGL1032,CNA0240,BRCH002,KOA0103,MENU002,KTG0206,PAY0710
TRX0495,52,2,28000,0,2.1,56000,TGL1032,CNA0277,BRCH004,KOA0105,MENU004,KTG0207,PAY0709
TRX0710,39,5,18000,10,1.9,81000,TGL1033,CNA0212,BRCH001,KOA0102,MENU009,KTG0206,PAY0712
TRX0505,30,2,18000,10,4.1,32400,TGL1034,CNA0290,BRCH004,KOA0105,MENU009,KTG0206,PAY0711
TRX0315,24,1,18000,20,2,14400,TGL1035,CNA0199,BRCH001,KOA0102,MENU009,KTG0206,PAY0710
TRX0613,24,3,25000,0,1.3,75000,TGL1036,CNA0374,BRCH004,KOA0105,MENU001,KTG0205,PAY0710
TRX0049,53,4,18000,5,3.8,68400,TGL1037,CNA0169,BRCH001,KOA0102,MENU010,KTG0205,PAY0711
TRX0939,19,5,18000,0,1.2,90000,TGL1038,CNA0188,BRCH001,KOA0102,MENU009,KTG0206,PAY0711
TRX0720,28,2,20000,5,2,38000,TGL1039,CNA0297,BRCH005,KOA0106,MENU008,KTG0205,PAY0711
TRX0455,27,4,20000,0,3.1,80000,TGL1039,CNA0646,BRCH005,KOA0106,MENU008,KTG0205,PAY0709
TRX0769,39,3,30000,0,1.7,90000,TGL1040,CNA0291,BRCH005,KOA0106,MENU002,KTG0206,PAY0712
TRX0617,40,1,20000,10,2.9,18000,TGL1041,CNA0228,BRCH001,KOA0102,MENU008,KTG0205,PAY0711
TRX0876,48,3,23000,10,2.8,62100,TGL1041,CNA0127,BRCH005,KOA0106,MENU005,KTG0206,PAY0712
TRX0265,39,4,27000,0,2,108000,TGL1042,CNA0110,BRCH002,KOA0103,MENU007,KTG0207,PAY0709
TRX0146,45,3,27000,0,3.7,81000,TGL1042,CNA0531,BRCH001,KOA0102,MENU007,KTG0207,PAY0711
TRX0302,35,2,25000,5,3.1,47500,TGL1043,CNA0119,BRCH002,KOA0103,MENU001,KTG0205,PAY0709
TRX0280,40,2,23000,0,2.2,46000,TGL1043,CNA0242,BRCH005,KOA0106,MENU005,KTG0206,PAY0709
TRX0594,53,2,18000,0,3.4,36000,TGL1044,CNA0138,BRCH005,KOA0106,MENU009,KTG0206,PAY0711
